timestamp;windSpeedHH;windDir;assPowerWT1;assPowerWT2;assPowerC;realPowerWT1;realPowerWT2;realPowerCFree;realPowerCRisoe;windSpeedWT1;windSpeedWT2
1;2.0;-2.4;0.000;0.000;0.000;0.000;0.000;0.000;0.000;1.970;1.1
2;2.1;-0.5;0.600;0.600;1.200;0.577;0.000;1.154;0.577;2.060;1.1
3;2.3;-5.6;3.000;3.000;6.000;2.884;0.000;5.768;2.884;2.300;1.3
4;2.3;-6.8;2.700;2.700;5.400;2.595;0.000;5.191;2.595;2.270;1.3
5;2.2;0.2;2.400;2.400;4.800;2.307;0.000;4.614;2.307;2.240;1.2
6;2.1;-2.6;1.000;1.000;2.000;0.961;0.000;1.923;0.961;2.100;1.1
7;2.1;-0.1;1.100;1.100;2.200;1.057;0.000;2.115;1.057;2.110;1.1
8;2.1;-4.1;1.300;1.300;2.600;1.250;0.000;2.499;1.250;2.130;1.2
9;1.8;-2.1;0.000;0.000;0.000;0.000;0.000;0.000;0.000;1.790;1.0
10;1.9;2.6;0.000;0.000;0.000;0.000;0.000;0.000;0.000;1.860;1.0
11;1.8;-1.6;0.000;0.000;0.000;0.000;0.000;0.000;0.000;1.780;1.0
12;2.2;-5.9;1.600;1.600;3.200;1.538;0.000;3.076;1.538;2.160;1.2
13;2.1;0.6;0.900;0.900;1.800;0.865;0.000;1.730;0.865;2.090;1.1
14;2.0;-0.5;0.200;0.200;0.400;0.192;0.000;0.385;0.192;2.020;1.1
15;2.0;0.4;0.100;0.100;0.200;0.096;0.000;0.192;0.096;2.010;1.1
16;1.9;-0.7;0.000;0.000;0.000;0.000;0.000;0.000;0.000;1.890;1.0
17;2.0;-3.1;0.200;0.200;0.400;0.192;0.000;0.385;0.192;2.020;1.1
18;2.0;-1.7;0.000;0.000;0.000;0.000;0.000;0.000;0.000;2.000;1.1
19;2.5;-1.0;5.200;5.200;10.400;4.999;0.000;9.997;4.999;2.520;1.4
20;2.2;-0.1;2.200;2.200;4.400;2.115;0.000;4.230;2.115;2.220;1.2
21;2.3;-4.5;2.800;2.800;5.600;2.692;0.000;5.383;2.692;2.280;1.2
22;2.2;-2.3;2.400;2.400;4.800;2.307;0.000;4.614;2.307;2.240;1.2
23;2.1;1.4;1.400;1.400;2.800;1.346;0.000;2.692;1.346;2.140;1.2
24;2.0;-5.6;0.100;0.100;0.200;0.096;0.000;0.192;0.096;2.010;1.1
25;1.8;2.8;0.000;0.000;0.000;0.000;0.000;0.000;0.000;1.820;1.0
26;2.0;-1.2;0.000;0.000;0.000;0.000;0.000;0.000;0.000;1.960;1.1
27;2.2;6.1;2.100;2.100;4.200;2.019;0.000;4.037;2.019;2.210;1.5
28;2.1;6.3;1.000;1.000;2.000;0.961;0.000;1.923;0.961;2.100;1.4
29;2.1;4.7;1.100;1.100;2.200;1.057;0.000;2.115;1.057;2.110;1.3
30;2.1;-2.1;1.100;1.100;2.200;1.057;0.000;2.115;1.057;2.110;1.1
31;2.5;-5.1;4.500;4.500;9.000;4.326;0.000;8.651;4.326;2.450;1.3
32;2.3;-4.1;2.900;2.900;5.800;2.788;0.000;5.575;2.788;2.290;1.2
33;2.2;2.6;2.200;2.200;4.400;2.115;0.000;4.230;2.115;2.220;1.2
34;2.0;3.4;0.300;0.300;0.600;0.288;0.000;0.577;0.288;2.030;1.2
35;1.8;0.8;0.000;0.000;0.000;0.000;0.000;0.000;0.000;1.760;0.9
36;1.6;4.4;0.000;0.000;0.000;0.000;0.000;0.000;0.000;1.640;1.0
37;1.6;-0.2;0.000;0.000;0.000;0.000;0.000;0.000;0.000;1.630;0.9
38;1.6;0.4;0.000;0.000;0.000;0.000;0.000;0.000;0.000;1.590;0.9
39;2.0;3.2;0.000;0.000;0.000;0.000;0.000;0.000;0.000;1.960;1.1
40;2.1;1.7;0.600;0.600;1.200;0.577;0.000;1.154;0.577;2.060;1.1
41;2.3;-6.3;3.000;3.000;6.000;2.884;0.000;5.768;2.884;2.300;1.3
42;2.2;0.5;1.900;1.900;3.800;1.826;0.000;3.653;1.826;2.190;1.2
43;2.1;-2.7;1.100;1.100;2.200;1.057;0.000;2.115;1.057;2.110;1.1
44;2.1;0.9;1.400;1.400;2.800;1.346;0.000;2.692;1.346;2.140;1.2
45;1.9;6.0;0.000;0.000;0.000;0.000;0.000;0.000;0.000;1.850;1.2
46;2.3;1.3;3.300;3.300;6.600;3.172;0.000;6.344;3.172;2.330;1.3
47;2.1;-3.7;0.600;0.600;1.200;0.577;0.000;1.154;0.577;2.060;1.1
48;2.0;-2.1;0.500;0.500;1.000;0.481;0.000;0.961;0.481;2.050;1.1
49;1.9;4.1;0.000;0.000;0.000;0.000;0.000;0.000;0.000;1.910;1.1
50;2.0;2.8;0.000;0.000;0.000;0.000;0.000;0.000;0.000;1.960;1.1
51;2.0;1.4;0.300;0.300;0.600;0.288;0.000;0.577;0.288;2.030;1.1
52;2.0;4.5;0.000;0.000;0.000;0.000;0.000;0.000;0.000;1.960;1.2
53;2.2;-1.5;1.700;1.700;3.400;1.634;0.000;3.268;1.634;2.170;1.2
54;2.1;1.8;1.200;1.200;2.400;1.154;0.000;2.307;1.154;2.120;1.1
55;1.8;0.6;0.000;0.000;0.000;0.000;0.000;0.000;0.000;1.780;1.0
56;2.0;2.0;0.000;0.000;0.000;0.000;0.000;0.000;0.000;1.990;1.1
57;2.1;0.7;0.800;0.800;1.600;0.769;0.000;1.538;0.769;2.080;1.1
58;2.2;-1.2;1.500;1.500;3.000;1.442;0.000;2.884;1.442;2.150;1.2
59;2.0;5.1;0.300;0.300;0.600;0.288;0.000;0.577;0.288;2.030;1.3
60;2.3;5.6;3.500;3.500;7.000;3.364;0.000;6.729;3.364;2.350;1.5
61;2.9;-2.0;9.100;9.100;18.200;8.747;0.000;17.495;8.747;2.910;1.6
62;3.0;-0.1;10.650;10.650;21.300;10.237;0.000;20.475;10.237;3.050;1.7
63;3.4;-4.8;15.330;15.330;30.660;14.736;0.000;29.472;14.736;3.410;1.9
64;3.3;-5.9;14.550;14.550;29.100;13.986;0.000;27.973;13.986;3.350;1.8
65;3.3;0.5;14.290;14.290;28.580;13.736;0.000;27.473;13.736;3.330;1.8
66;3.1;-2.3;11.430;11.430;22.860;10.987;0.000;21.974;10.987;3.110;1.7
67;3.1;0.1;11.820;11.820;23.640;11.362;0.000;22.724;11.362;3.140;1.7
68;3.2;-3.6;12.730;12.730;25.460;12.237;0.000;24.474;12.237;3.210;1.8
69;2.7;-1.8;6.700;6.700;13.400;6.440;0.000;12.881;6.440;2.670;1.5
70;2.8;2.5;8.000;8.000;16.000;7.690;0.000;15.380;7.690;2.800;1.6
71;2.7;-1.3;6.600;6.600;13.200;6.344;0.000;12.689;6.344;2.660;1.5
72;3.3;-5.3;13.250;13.250;26.500;12.737;0.000;25.473;12.737;3.250;1.8
73;3.1;0.8;11.690;11.690;23.380;11.237;0.000;22.474;11.237;3.130;1.7
74;3.0;-0.5;10.260;10.260;20.520;9.863;0.000;19.725;9.863;3.020;1.7
75;3.0;0.4;10.130;10.130;20.260;9.738;0.000;19.475;9.738;3.010;1.7
76;2.8;-0.5;8.200;8.200;16.400;7.882;0.000;15.765;7.882;2.820;1.5
77;3.0;-2.7;10.130;10.130;20.260;9.738;0.000;19.475;9.738;3.010;1.7
78;3.0;-1.4;9.500;9.500;19.000;9.132;0.000;18.264;9.132;2.950;1.6
79;3.8;-0.9;19.880;19.880;39.760;19.110;1.231;38.220;20.341;3.760;2.1
80;3.3;0.1;13.380;13.380;26.760;12.862;0.000;25.723;12.862;3.260;1.8
81;3.4;-4.0;14.680;14.680;29.360;14.111;0.000;28.223;14.111;3.360;1.9
82;3.3;-2.0;14.160;14.160;28.320;13.611;0.000;27.223;13.611;3.320;1.8
83;3.2;1.6;12.340;12.340;24.680;11.862;0.000;23.724;11.862;3.180;1.7
84;3.0;-5.3;10.000;10.000;20.000;9.613;0.000;19.225;9.613;3.000;1.6
85;2.7;2.8;7.100;7.100;14.200;6.825;0.000;13.650;6.825;2.710;1.5
86;2.9;-1.5;9.200;9.200;18.400;8.844;0.000;17.687;8.844;2.920;1.6
87;3.3;5.3;13.900;13.900;27.800;13.362;1.747;26.723;15.109;3.300;2.1
88;3.1;5.3;11.560;11.560;23.120;11.112;0.656;22.224;11.768;3.120;2.0
89;3.1;4.1;11.560;11.560;23.120;11.112;0.000;22.224;11.112;3.120;1.9
90;3.1;-1.9;11.430;11.430;22.860;10.987;0.000;21.974;10.987;3.110;1.7
91;3.6;-4.4;18.320;18.320;36.640;17.610;0.573;35.221;18.184;3.640;2.0
92;3.4;-3.7;14.940;14.940;29.880;14.361;0.000;28.723;14.361;3.380;1.9
93;3.3;2.3;14.030;14.030;28.060;13.487;0.000;26.973;13.487;3.310;1.8
94;3.0;2.9;10.520;10.520;21.040;10.112;0.000;20.225;10.112;3.040;1.7
95;2.7;0.4;6.700;6.700;13.400;6.440;0.000;12.881;6.440;2.670;1.5
96;2.5;3.9;5.000;5.000;10.000;4.806;0.000;9.613;4.806;2.500;1.5
97;2.5;-0.3;5.000;5.000;10.000;4.806;0.000;9.613;4.806;2.500;1.4
98;2.4;0.2;4.200;4.200;8.400;4.037;0.000;8.075;4.037;2.420;1.3
99;3.0;2.8;9.700;9.700;19.400;9.324;0.000;18.649;9.324;2.970;1.7
100;3.1;1.7;11.040;11.040;22.080;10.612;0.000;21.225;10.612;3.080;1.7
101;3.4;-5.7;15.720;15.720;31.440;15.111;0.000;30.222;15.111;3.440;1.9
102;3.3;0.8;13.380;13.380;26.760;12.862;0.000;25.723;12.862;3.260;1.8
103;3.1;-2.5;11.690;11.690;23.380;11.237;0.000;22.474;11.237;3.130;1.7
104;3.2;0.8;12.600;12.600;25.200;12.112;0.000;24.224;12.112;3.200;1.8
105;2.7;5.4;7.200;7.200;14.400;6.921;0.000;13.842;6.921;2.720;1.8
106;3.5;1.1;16.500;16.500;33.000;15.861;0.000;31.722;15.861;3.500;1.9
107;3.1;-3.3;10.780;10.780;21.560;10.362;0.000;20.725;10.362;3.060;1.7
108;3.1;-1.9;11.040;11.040;22.080;10.612;0.000;21.225;10.612;3.080;1.7
109;2.8;3.6;8.400;8.400;16.800;8.075;0.000;16.149;8.075;2.840;1.7
110;2.9;2.3;9.400;9.400;18.800;9.036;0.000;18.072;9.036;2.940;1.6
111;3.0;1.0;10.650;10.650;21.300;10.237;0.000;20.475;10.237;3.050;1.7
112;2.9;4.0;9.200;9.200;18.400;8.844;0.000;17.687;8.844;2.920;1.8
113;3.3;-1.6;13.250;13.250;26.500;12.737;0.000;25.473;12.737;3.250;1.8
114;3.2;1.7;12.340;12.340;24.680;11.862;0.000;23.724;11.862;3.180;1.7
115;2.7;0.4;6.500;6.500;13.000;6.248;0.000;12.496;6.248;2.650;1.4
116;3.0;1.8;9.800;9.800;19.600;9.420;0.000;18.841;9.420;2.980;1.6
117;3.1;0.6;11.430;11.430;22.860;10.987;0.000;21.974;10.987;3.110;1.7
118;3.2;-1.3;12.600;12.600;25.200;12.112;0.000;24.224;12.112;3.200;1.8
119;3.0;4.5;9.800;9.800;19.600;9.420;0.000;18.841;9.420;2.980;1.8
120;3.5;5.0;16.240;16.240;32.480;15.611;2.567;31.222;18.178;3.480;2.2
121;3.8;-1.7;21.050;21.050;42.100;20.235;1.723;40.469;21.958;3.850;2.1
122;4.0;0.0;23.760;23.760;47.520;22.840;2.749;45.679;25.589;4.040;2.2
123;4.5;-4.2;32.690;32.690;65.380;31.424;5.307;62.847;36.730;4.510;2.5
124;4.4;-5.4;30.790;30.790;61.580;29.597;4.751;59.195;34.348;4.410;2.4
125;4.4;0.6;30.600;30.600;61.200;29.415;4.701;58.829;34.116;4.400;2.4
126;4.1;-2.1;25.090;25.090;50.180;24.118;3.138;48.236;27.257;4.110;2.3
127;4.2;0.3;26.230;26.230;52.460;25.214;3.454;50.428;28.668;4.170;2.3
128;4.3;-3.2;28.320;28.320;56.640;27.223;4.061;54.446;31.284;4.280;2.4
129;3.6;-1.5;17.410;17.410;34.820;16.736;0.200;33.471;16.935;3.570;2.0
130;3.8;2.3;20.010;20.010;40.020;19.235;1.450;38.470;20.685;3.770;2.1
131;3.5;-1.1;17.150;17.150;34.300;16.486;0.090;32.971;16.575;3.550;2.0
132;4.3;-4.7;29.460;29.460;58.920;28.319;4.377;56.638;32.696;4.340;2.4
133;4.2;0.9;26.230;26.230;52.460;25.214;3.448;50.428;28.662;4.170;2.3
134;4.0;-0.5;23.380;23.380;46.760;22.474;2.644;44.949;25.118;4.020;2.2
135;4.0;0.4;23.380;23.380;46.760;22.474;2.637;44.949;25.112;4.020;2.2
136;3.8;-0.4;19.750;19.750;39.500;18.985;1.175;37.970;20.160;3.750;2.1
137;4.0;-2.4;23.190;23.190;46.380;22.292;2.594;44.583;24.886;4.010;2.2
138;3.9;-1.2;21.570;21.570;43.140;20.734;1.940;41.469;22.674;3.890;2.2
139;5.0;-0.8;41.810;41.810;83.620;40.190;7.923;80.381;48.113;4.990;2.8
140;4.3;0.2;28.130;28.130;56.260;27.040;3.999;54.081;31.039;4.270;2.4
141;4.4;-3.6;31.360;31.360;62.720;30.145;4.930;60.290;35.075;4.440;2.5
142;4.4;-1.8;30.410;30.410;60.820;29.232;4.662;58.464;33.894;4.390;2.4
143;4.2;1.6;27.180;27.180;54.360;26.127;3.711;52.254;29.838;4.220;2.3
144;4.0;-4.8;22.870;22.870;45.740;21.984;2.473;43.968;24.457;3.990;2.2
145;3.6;2.7;17.930;17.930;35.860;17.235;0.870;34.471;18.105;3.610;2.0
146;3.9;-1.5;21.570;21.570;43.140;20.734;1.941;41.469;22.675;3.890;2.2
147;4.4;4.8;30.410;30.410;60.820;29.232;7.891;58.464;37.123;4.390;2.8
148;4.1;4.7;25.280;25.280;50.560;24.301;6.129;48.601;30.430;4.120;2.6
149;4.1;3.7;25.470;25.470;50.940;24.483;4.947;48.967;29.430;4.130;2.5
150;4.1;-1.8;24.710;24.710;49.420;23.753;3.029;47.506;26.782;4.090;2.3
151;4.8;-3.9;38.390;38.390;76.780;36.903;6.941;73.806;43.844;4.810;2.7
152;4.5;-3.3;31.740;31.740;63.480;30.510;5.040;61.021;35.551;4.460;2.5
153;4.4;2.2;30.220;30.220;60.440;29.049;4.723;58.099;33.772;4.380;2.4
154;4.1;2.6;24.140;24.140;48.280;23.205;3.301;46.410;26.506;4.060;2.3
155;3.6;0.3;17.670;17.670;35.340;16.986;0.300;33.971;17.285;3.590;2.0
156;3.4;3.5;15.070;15.070;30.140;14.486;0.347;28.972;14.834;3.390;2.0
157;3.4;-0.4;15.200;15.200;30.400;14.611;0.000;29.222;14.611;3.400;1.9
158;3.3;0.2;13.380;13.380;26.760;12.862;0.000;25.723;12.862;3.260;1.8
159;4.0;2.5;22.870;22.870;45.740;21.984;2.802;43.968;24.786;3.990;2.2
160;4.1;1.6;24.710;24.710;49.420;23.753;3.004;47.506;26.757;4.090;2.3
161;4.6;-5.3;33.640;33.640;67.280;32.337;5.568;64.674;37.905;4.560;2.5
162;4.3;0.9;28.890;28.890;57.780;27.771;4.210;55.542;31.980;4.310;2.4
163;4.2;-2.3;25.850;25.850;51.700;24.849;3.356;49.697;28.205;4.150;2.3
164;4.3;0.7;27.940;27.940;55.880;26.858;3.940;53.715;30.797;4.260;2.4
165;3.6;4.9;17.670;17.670;35.340;16.986;3.091;33.971;20.076;3.590;2.3
166;4.7;0.9;35.730;35.730;71.460;34.346;6.166;68.692;40.512;4.670;2.6
167;4.1;-3.0;23.950;23.950;47.900;23.022;2.811;46.045;25.833;4.050;2.2
168;4.1;-1.7;24.900;24.900;49.800;23.935;3.084;47.871;27.019;4.100;2.3
169;3.8;3.3;20.270;20.270;40.540;19.485;2.475;38.970;21.960;3.790;2.2
170;3.9;2.0;22.090;22.090;44.180;21.234;2.177;42.469;23.412;3.930;2.2
171;4.1;0.8;24.330;24.330;48.660;23.388;2.906;46.775;26.293;4.070;2.3
172;3.9;3.7;21.440;21.440;42.880;20.609;3.449;41.219;24.058;3.880;2.3
173;4.3;-1.6;29.270;29.270;58.540;28.136;4.335;56.272;32.471;4.330;2.4
174;4.2;1.5;27.560;27.560;55.120;26.492;3.821;52.985;30.313;4.240;2.3
175;3.5;0.3;16.630;16.630;33.260;15.986;0.000;31.972;15.986;3.510;1.9
176;4.0;1.6;22.740;22.740;45.480;21.859;2.407;43.718;24.266;3.980;2.2
177;4.1;0.5;25.470;25.470;50.940;24.483;3.235;48.967;27.718;4.130;2.3
178;4.3;-1.3;27.750;27.750;55.500;26.675;3.899;53.350;30.574;4.250;2.4
179;3.9;4.0;22.090;22.090;44.180;21.234;4.111;42.469;25.345;3.930;2.4
180;4.6;4.6;34.590;34.590;69.180;33.250;8.980;66.500;42.230;4.610;2.9
181;4.8;-1.6;38.200;38.200;76.400;36.720;6.892;73.441;43.613;4.800;2.7
182;5.0;0.1;42.676;42.676;85.352;41.023;8.079;82.046;49.102;5.020;2.8
183;5.6;-3.8;62.280;62.280;124.560;59.867;11.727;119.735;71.595;5.600;3.1
184;5.5;-4.9;57.886;57.886;115.772;55.644;10.793;111.287;66.437;5.470;3.0
185;5.5;0.7;57.886;57.886;115.772;55.644;10.792;111.287;66.435;5.470;3.0
186;5.1;-2.0;45.718;45.718;91.436;43.947;8.580;87.894;52.527;5.110;2.8
187;5.2;0.3;48.422;48.422;96.844;46.546;9.001;93.093;55.548;5.190;2.9
188;5.3;-2.9;53.830;53.830;107.660;51.745;9.966;103.490;61.711;5.350;3.0
189;4.5;-1.4;31.930;31.930;63.860;30.693;5.096;61.386;35.789;4.470;2.5
190;4.7;2.1;37.060;37.060;74.120;35.624;6.636;71.249;42.260;4.740;2.6
191;4.4;-0.9;31.550;31.550;63.100;30.328;4.986;60.656;35.314;4.450;2.5
192;5.4;-4.3;56.534;56.534;113.068;54.344;10.519;108.688;64.863;5.430;3.0
193;5.2;0.9;48.760;48.760;97.520;46.871;9.049;93.742;55.920;5.200;2.9
194;5.0;-0.5;42.676;42.676;85.352;41.023;8.084;82.046;49.107;5.020;2.8
195;5.0;0.4;43.014;43.014;86.028;41.348;8.130;82.696;49.478;5.030;2.8
196;4.7;-0.4;36.110;36.110;72.220;34.711;6.288;69.422;40.999;4.690;2.6
197;5.0;-2.2;42.338;42.338;84.676;40.698;8.036;81.396;48.734;5.010;2.8
198;4.8;-1.0;38.580;38.580;77.160;37.086;6.999;74.171;44.085;4.820;2.7
199;6.2;-0.7;84.640;84.640;169.280;81.361;15.973;162.723;97.334;6.200;3.5
200;5.3;0.2;51.464;51.464;102.928;49.470;9.492;98.941;58.962;5.280;2.9
201;5.5;-3.3;58.900;58.900;117.800;56.618;11.025;113.237;67.643;5.500;3.1
202;5.4;-1.6;57.210;57.210;114.420;54.994;10.674;109.988;65.668;5.450;3.0
203;5.3;1.5;50.450;50.450;100.900;48.496;9.310;96.991;57.806;5.250;2.9
204;5.0;-4.5;41.810;41.810;83.620;40.190;7.915;80.381;48.105;4.990;2.8
205;4.5;2.5;32.880;32.880;65.760;31.606;5.794;63.213;37.400;4.520;2.6
206;4.9;-1.5;39.340;39.340;78.680;37.816;7.218;75.632;45.035;4.860;2.7
207;5.5;4.3;58.224;58.224;116.448;55.969;15.185;111.937;71.153;5.480;3.4
208;5.1;4.2;46.394;46.394;92.788;44.597;12.139;89.194;56.736;5.130;3.2
209;5.1;3.4;46.732;46.732;93.464;44.922;10.607;89.843;55.529;5.140;3.0
210;5.1;-1.6;44.366;44.366;88.732;42.647;8.362;85.295;51.009;5.070;2.8
211;6.0;-3.5;74.448;74.448;148.896;71.564;14.276;143.128;85.840;5.960;3.3
212;5.5;-3.0;59.238;59.238;118.476;56.943;11.097;113.887;68.040;5.510;3.1
213;5.4;2.0;57.210;57.210;114.420;54.994;10.708;109.988;65.702;5.450;3.0
214;5.1;2.3;44.366;44.366;88.732;42.647;8.644;85.295;51.292;5.070;2.8
215;4.5;0.2;32.880;32.880;65.760;31.606;5.359;63.213;36.965;4.520;2.5
216;4.3;3.1;28.700;28.700;57.400;27.588;5.206;55.177;32.795;4.300;2.5
217;4.3;-0.4;29.080;29.080;58.160;27.954;4.275;55.907;32.229;4.320;2.4
218;4.1;0.1;25.470;25.470;50.940;24.483;3.238;48.967;27.721;4.130;2.3
219;5.0;2.2;42.338;42.338;84.676;40.698;8.199;81.396;48.897;5.010;2.8
220;5.1;1.5;45.380;45.380;90.760;43.622;8.495;87.244;52.117;5.100;2.8
221;5.7;-4.9;64.308;64.308;128.616;61.817;12.137;123.634;73.954;5.660;3.2
222;5.3;0.9;53.830;53.830;107.660;51.745;9.940;103.490;61.684;5.350;3.0
223;5.2;-2.1;47.070;47.070;94.140;45.247;8.797;90.493;54.044;5.150;2.9
224;5.3;0.6;52.478;52.478;104.956;50.445;9.662;100.890;60.107;5.310;3.0
225;4.4;4.5;31.550;31.550;63.100;30.328;7.858;60.656;38.186;4.450;2.8
226;5.8;0.9;70.054;70.054;140.108;67.340;13.333;134.681;80.673;5.830;3.2
227;5.0;-2.8;43.014;43.014;86.028;41.348;8.144;82.696;49.491;5.030;2.8
228;5.1;-1.6;46.394;46.394;92.788;44.597;8.688;89.194;53.285;5.130;2.9
229;4.7;3.0;36.870;36.870;73.740;35.442;7.500;70.884;42.942;4.730;2.7
230;4.9;1.8;40.480;40.480;80.960;38.912;7.512;77.824;46.424;4.920;2.7
231;5.1;0.6;45.042;45.042;90.084;43.297;8.454;86.594;51.751;5.090;2.8
232;4.8;3.4;38.960;38.960;77.920;37.451;8.664;74.902;46.115;4.840;2.9
233;5.4;-1.5;55.520;55.520;111.040;53.369;10.320;106.739;63.689;5.400;3.0
234;5.3;1.4;52.478;52.478;104.956;50.445;9.646;100.890;60.091;5.310;3.0
235;4.4;0.2;30.410;30.410;60.820;29.232;4.651;58.464;33.883;4.390;2.4
236;5.0;1.4;41.620;41.620;83.240;40.008;7.845;80.016;47.852;4.980;2.8
237;5.2;0.4;47.070;47.070;94.140;45.247;8.782;90.493;54.029;5.150;2.9
238;5.3;-1.2;51.802;51.802;103.604;49.795;9.557;99.591;59.352;5.290;2.9
239;4.9;3.6;39.530;39.530;79.060;37.999;9.162;75.997;47.161;4.870;2.9
240;5.7;4.2;66.336;66.336;132.672;63.766;16.788;127.533;80.554;5.720;3.5
241;5.8;-1.4;67.350;67.350;134.700;64.741;12.795;129.482;77.537;5.750;3.2
242;6.0;0.1;76.242;76.242;152.484;73.289;14.619;146.577;87.908;6.010;3.4
243;6.7;-3.5;106.298;106.298;212.596;102.180;19.439;204.361;121.619;6.690;3.7
244;6.5;-4.6;98.342;98.342;196.684;94.533;18.152;189.065;112.684;6.510;3.6
245;6.5;0.7;98.784;98.784;197.568;94.957;18.214;189.915;113.172;6.520;3.6
246;6.1;-1.9;80.220;80.220;160.440;77.113;15.273;154.225;92.385;6.100;3.4
247;6.2;0.3;85.082;85.082;170.164;81.786;16.029;163.572;97.816;6.210;3.5
248;6.4;-2.7;94.364;94.364;188.728;90.709;17.535;181.417;108.244;6.420;3.6
249;5.4;-1.3;54.844;54.844;109.688;52.720;10.177;105.439;62.897;5.380;3.0
250;5.7;1.9;66.674;66.674;133.348;64.091;12.633;128.183;76.725;5.730;3.2
251;5.4;-0.9;54.168;54.168;108.336;52.070;10.033;104.139;62.103;5.360;3.0
252;6.5;-4.0;98.342;98.342;196.684;94.533;18.160;189.065;112.693;6.510;3.6
253;6.2;0.8;85.524;85.524;171.048;82.211;16.090;164.422;98.301;6.220;3.5
254;6.0;-0.4;76.242;76.242;152.484;73.289;14.626;146.577;87.915;6.010;3.4
255;6.0;0.4;77.568;77.568;155.136;74.563;14.827;149.127;89.390;6.040;3.4
256;5.6;-0.3;63.294;63.294;126.588;60.842;11.938;121.684;72.780;5.630;3.1
257;6.0;-2.0;76.684;76.684;153.368;73.714;14.707;147.427;88.420;6.020;3.4
258;5.8;-0.9;67.350;67.350;134.700;64.741;12.792;129.482;77.533;5.750;3.2
259;7.4;-0.6;144.080;144.080;288.160;138.499;33.840;276.998;172.339;7.400;4.6
260;6.3;0.2;87.734;87.734;175.468;84.335;16.455;168.671;100.791;6.270;3.5
261;6.6;-3.0;100.110;100.110;200.220;96.232;18.453;192.464;114.685;6.550;3.7
262;6.5;-1.5;97.900;97.900;195.800;94.108;18.101;188.215;112.208;6.500;3.6
263;6.3;1.5;88.176;88.176;176.352;84.760;16.499;169.521;101.260;6.280;3.5
264;6.0;-4.2;75.462;75.462;150.924;72.539;14.481;145.078;87.019;5.990;3.3
265;5.4;2.4;56.872;56.872;113.744;54.669;11.065;109.338;65.734;5.440;3.1
266;5.8;-1.4;70.392;70.392;140.784;67.665;13.432;135.331;81.097;5.840;3.3
267;6.6;4.0;100.552;100.552;201.104;96.657;23.140;193.314;119.797;6.560;4.0
268;6.1;3.8;81.546;81.546;163.092;78.387;19.076;156.774;97.463;6.130;3.7
269;6.2;3.2;82.872;82.872;165.744;79.662;17.688;159.324;97.350;6.160;3.6
270;6.1;-1.5;78.010;78.010;156.020;74.988;14.918;149.976;89.906;6.050;3.4
271;7.1;-3.3;126.020;126.020;252.040;121.138;22.449;242.277;143.587;7.100;4.0
272;6.6;-2.8;100.552;100.552;201.104;96.657;18.525;193.314;115.182;6.560;3.7
273;6.5;1.9;98.342;98.342;196.684;94.533;18.121;189.065;112.654;6.510;3.6
274;6.1;2.2;79.336;79.336;158.672;76.263;15.327;152.526;91.590;6.080;3.4
275;5.5;0.1;57.548;57.548;115.096;55.319;10.730;110.638;66.049;5.460;3.0
276;5.2;2.9;49.098;49.098;98.196;47.196;10.150;94.392;57.346;5.210;3.0
277;5.3;-0.4;50.450;50.450;100.900;48.496;9.334;96.991;57.830;5.250;2.9
278;5.0;0.1;42.000;42.000;84.000;40.373;7.970;80.746;48.343;5.000;2.8
279;6.0;2.0;77.568;77.568;155.136;74.563;14.894;149.127;89.458;6.040;3.4
280;6.1;1.5;80.220;80.220;160.440;77.113;15.228;154.225;92.340;6.100;3.4
281;6.8;-4.6;109.392;109.392;218.784;105.155;19.919;210.309;125.074;6.760;3.8
282;6.4;0.9;93.038;93.038;186.076;89.434;17.291;178.868;106.725;6.390;3.6
283;6.2;-2.0;82.872;82.872;165.744;79.662;15.697;159.324;95.359;6.160;3.4
284;6.4;0.6;92.154;92.154;184.308;88.584;17.156;177.169;105.740;6.370;3.6
285;5.3;4.1;53.154;53.154;106.308;51.095;13.547;102.190;64.642;5.330;3.3
286;7.0;0.8;119.116;119.116;238.232;114.502;21.463;229.004;135.965;6.980;3.9
287;6.0;-2.6;76.242;76.242;152.484;73.289;14.636;146.577;87.924;6.010;3.4
288;6.2;-1.5;82.430;82.430;164.860;79.237;15.625;158.474;94.862;6.150;3.4
289;5.7;2.8;64.984;64.984;129.968;62.467;13.417;124.933;75.884;5.680;3.3
290;5.9;1.6;72.758;72.758;145.516;69.940;13.881;139.879;83.820;5.910;3.3
291;6.1;0.6;80.662;80.662;161.324;77.537;15.318;155.075;92.856;6.110;3.4
292;5.8;3.2;69.040;69.040;138.080;66.366;15.086;132.731;81.452;5.800;3.4
293;6.5;-1.4;96.574;96.574;193.148;92.833;17.888;185.666;110.721;6.470;3.6
294;6.4;1.3;91.712;91.712;183.424;88.159;17.068;176.319;105.227;6.360;3.5
295;5.3;0.2;51.464;51.464;102.928;49.470;9.493;98.941;58.963;5.280;2.9
296;6.0;1.3;75.462;75.462;150.924;72.539;14.454;145.078;86.993;5.990;3.3
297;6.2;0.4;83.314;83.314;166.628;80.087;15.745;160.173;95.832;6.170;3.4
298;6.3;-1.1;90.828;90.828;181.656;87.310;16.967;174.619;104.276;6.340;3.5
299;5.8;3.4;69.716;69.716;139.432;67.015;15.613;134.031;82.628;5.820;3.4
300;6.8;3.9;112.486;112.486;224.972;108.129;25.870;216.257;133.999;6.830;4.2
301;6.7;-1.3;107.182;107.182;214.364;103.030;19.585;206.060;122.615;6.710;3.7
302;7.0;0.1;120.000;120.000;240.000;115.352;21.619;230.703;136.970;7.000;3.9
303;7.8;-3.3;165.752;165.752;331.504;159.331;46.518;318.663;205.849;7.760;5.1
304;7.6;-4.3;153.110;153.110;306.220;147.179;38.280;294.358;185.459;7.550;4.8
305;7.6;0.7;154.916;154.916;309.832;148.915;39.089;297.830;188.004;7.580;4.9
306;7.1;-1.8;126.020;126.020;252.040;121.138;22.455;242.277;143.594;7.100;4.0
307;7.2;0.3;133.846;133.846;267.692;128.661;26.904;257.322;155.565;7.230;4.2
308;7.5;-2.5;149.498;149.498;298.996;143.707;36.597;287.414;180.303;7.490;4.7
309;6.3;-1.2;88.618;88.618;177.236;85.185;16.613;170.370;101.799;6.290;3.5
310;6.7;1.8;107.182;107.182;214.364;103.030;19.529;206.060;122.559;6.710;3.7
311;6.3;-0.8;87.734;87.734;175.468;84.335;16.469;168.671;100.804;6.270;3.5
312;7.6;-3.8;154.916;154.916;309.832;148.915;39.116;297.830;188.031;7.580;4.9
313;7.2;0.8;134.448;134.448;268.896;129.240;27.483;258.480;156.723;7.240;4.2
314;7.0;-0.4;120.602;120.602;241.204;115.930;21.698;231.861;137.628;7.010;3.9
315;7.1;0.3;123.010;123.010;246.020;118.245;21.968;236.490;140.213;7.050;3.9
316;6.6;-0.3;101.436;101.436;202.872;97.507;18.656;195.013;116.162;6.580;3.7
317;7.0;-1.9;122.408;122.408;244.816;117.666;21.922;235.333;139.588;7.040;3.9
318;6.7;-0.9;106.298;106.298;212.596;102.180;19.440;204.361;121.620;6.690;3.7
319;8.6;-0.6;222.018;222.018;444.036;213.418;79.200;426.835;292.618;8.580;6.1
320;7.3;0.2;136.254;136.254;272.508;130.976;29.003;261.952;159.979;7.270;4.3
321;7.6;-2.9;156.722;156.722;313.444;150.651;39.939;301.302;190.590;7.610;4.9
322;7.5;-1.4;152.508;152.508;305.016;146.600;38.021;293.201;184.621;7.540;4.8
323;7.3;1.4;138.662;138.662;277.324;133.291;30.634;266.581;163.925;7.310;4.4
324;7.0;-4.0;119.558;119.558;239.116;114.927;21.556;229.853;136.483;6.990;3.9
325;6.4;2.3;92.154;92.154;184.308;88.584;17.524;177.169;106.108;6.370;3.6
326;6.8;-1.4;111.602;111.602;223.204;107.279;20.293;214.558;127.572;6.810;3.8
327;7.6;3.8;157.926;157.926;315.852;151.808;49.212;303.617;201.021;7.630;5.2
328;7.1;3.6;127.826;127.826;255.652;122.874;27.741;245.749;150.615;7.130;4.3
329;7.2;2.9;130.234;130.234;260.468;125.189;25.814;250.378;151.003;7.170;4.2
330;7.0;-1.4;121.806;121.806;243.612;117.088;21.849;234.175;138.937;7.030;3.9
331;8.2;-3.1;196.783;196.783;393.566;189.160;65.247;378.320;254.407;8.230;5.7
332;7.6;-2.7;155.518;155.518;311.036;149.494;39.400;298.987;188.894;7.590;4.9
333;7.6;1.8;153.712;153.712;307.424;147.758;38.503;295.515;186.260;7.560;4.8
334;7.1;2.0;125.418;125.418;250.836;120.560;22.416;241.119;142.976;7.090;4.0
335;6.4;0.1;93.922;93.922;187.844;90.284;17.447;180.568;107.731;6.410;3.6
336;6.1;2.7;81.988;81.988;163.976;78.812;16.555;157.624;95.367;6.140;3.5
337;6.2;-0.4;84.198;84.198;168.396;80.936;15.898;161.873;96.835;6.190;3.5
338;5.9;0.1;71.744;71.744;143.488;68.965;13.700;137.930;82.664;5.880;3.3
339;7.1;1.9;123.612;123.612;247.224;118.824;22.007;237.647;140.831;7.060;3.9
340;7.1;1.4;125.418;125.418;250.836;120.560;22.279;241.119;142.839;7.090;4.0
341;7.8;-4.3;171.170;171.170;342.340;164.539;50.472;329.079;215.011;7.850;5.3
342;7.4;0.9;145.284;145.284;290.568;139.656;34.440;279.312;174.096;7.420;4.6
343;7.2;-1.9;129.632;129.632;259.264;124.610;23.076;249.221;147.687;7.160;4.0
344;7.4;0.5;145.886;145.886;291.772;140.235;34.761;280.470;174.996;7.430;4.6
345;6.2;3.9;85.082;85.082;170.164;81.786;19.714;163.572;101.500;6.210;3.8
346;8.1;0.7;188.852;188.852;377.704;181.536;61.228;363.073;242.764;8.120;5.6
347;7.0;-2.4;119.558;119.558;239.116;114.927;21.568;229.853;136.495;6.990;3.9
348;7.2;-1.4;130.836;130.836;261.672;125.768;23.280;251.536;149.047;7.180;4.0
349;6.6;2.6;104.088;104.088;208.176;100.056;20.016;200.112;120.072;6.640;3.8
350;6.9;1.5;115.580;115.580;231.160;111.103;20.879;222.206;131.982;6.900;3.9
351;7.1;0.5;127.224;127.224;254.448;122.296;22.622;244.591;144.918;7.120;4.0
352;6.8;3.0;109.392;109.392;218.784;105.155;21.731;210.309;126.885;6.760;3.9
353;7.5;-1.4;151.906;151.906;303.812;146.022;37.740;292.043;183.761;7.530;4.8
354;7.4;1.3;145.284;145.284;290.568;139.656;34.426;279.312;174.082;7.420;4.6
355;6.2;0.1;83.756;83.756;167.512;80.512;15.821;161.023;96.332;6.180;3.4
356;7.0;1.2;119.558;119.558;239.116;114.927;21.523;229.853;136.450;6.990;3.9
357;7.2;0.4;131.438;131.438;262.876;126.347;23.348;252.693;149.695;7.190;4.0
358;7.4;-1.1;142.876;142.876;285.752;137.341;33.192;274.683;170.534;7.380;4.6
359;6.8;3.1;109.834;109.834;219.668;105.579;22.207;211.159;127.787;6.770;4.0
360;7.9;3.7;175.384;175.384;350.768;168.590;61.487;337.180;230.077;7.920;5.6
361;7.7;-1.3;160.334;160.334;320.668;154.123;42.420;308.246;196.543;7.670;5.0
362;8.0;0.1;179.598;179.598;359.196;172.641;56.487;345.282;229.128;7.990;5.4
363;8.8;-3.1;240.043;240.043;480.086;230.745;90.793;461.489;321.538;8.830;6.4
364;8.6;-4.1;222.018;222.018;444.036;213.418;79.188;426.835;292.606;8.580;6.1
365;8.6;0.6;225.623;225.623;451.246;216.883;81.461;433.766;298.344;8.630;6.2
366;8.1;-1.7;186.689;186.689;373.378;179.457;60.213;358.915;239.671;8.090;5.6
367;8.2;0.3;197.504;197.504;395.008;189.853;65.561;379.707;255.414;8.240;5.7
368;8.5;-2.4;219.134;219.134;438.268;210.645;77.369;421.291;288.015;8.540;6.1
369;7.2;-1.1;132.642;132.642;265.284;127.504;25.394;255.008;152.898;7.210;4.1
370;7.7;1.7;162.742;162.742;325.484;156.438;44.139;312.876;200.576;7.710;5.1
371;7.2;-0.7;130.836;130.836;261.672;125.768;23.271;251.536;149.039;7.180;4.0
372;8.6;-3.6;227.065;227.065;454.130;218.269;82.451;436.538;300.721;8.650;6.2
373;8.3;0.8;198.946;198.946;397.892;191.240;66.257;382.479;257.496;8.260;5.7
374;8.0;-0.4;180.921;180.921;361.842;173.913;57.292;347.825;231.205;8.010;5.5
375;8.1;0.3;184.526;184.526;369.052;177.378;59.079;354.756;236.457;8.060;5.5
376;7.5;-0.3;151.906;151.906;303.812;146.022;37.725;292.043;183.747;7.530;4.8
377;8.1;-1.7;183.805;183.805;367.610;176.685;58.767;353.370;235.452;8.050;5.5
378;7.6;-0.8;157.926;157.926;315.852;151.808;40.539;303.617;192.347;7.630;5.0
379;9.8;-0.6;306.825;306.825;613.650;294.940;145.754;589.879;440.694;9.750;7.5
380;8.3;0.2;198.946;198.946;397.892;191.240;66.282;382.479;257.521;8.260;5.7
381;8.7;-2.7;227.786;227.786;455.572;218.962;82.933;437.925;301.895;8.660;6.2
382;8.6;-1.3;222.739;222.739;445.478;214.111;79.683;428.222;293.794;8.590;6.1
383;8.3;1.4;204.714;204.714;409.428;196.784;69.087;393.568;265.871;8.340;5.8
384;8.0;-3.7;179.598;179.598;359.196;172.641;56.510;345.282;229.151;7.990;5.4
385;7.3;2.1;138.060;138.060;276.120;132.712;30.600;265.424;163.312;7.300;4.4
386;7.8;-1.3;167.558;167.558;335.116;161.067;47.862;322.135;208.929;7.790;5.2
387;8.7;3.5;230.670;230.670;461.340;221.735;93.692;443.469;315.426;8.700;6.4
388;8.1;3.3;189.573;189.573;379.146;182.230;67.517;364.459;249.746;8.130;5.8
389;8.2;2.8;193.178;193.178;386.356;185.695;66.363;371.390;252.058;8.180;5.8
390;8.0;-1.3;180.200;180.200;360.400;173.220;56.949;346.439;230.169;8.000;5.5
391;9.4;-2.9;277.745;277.745;555.490;266.986;117.530;533.972;384.516;9.350;7.0
392;8.6;-2.5;225.623;225.623;451.246;216.883;81.544;433.766;298.427;8.630;6.2
393;8.6;1.7;224.181;224.181;448.362;215.497;80.461;430.994;295.958;8.610;6.1
394;8.1;1.9;187.410;187.410;374.820;180.150;60.467;360.301;240.617;8.100;5.6
395;7.4;0.1;141.672;141.672;283.344;136.184;32.496;272.368;168.680;7.360;4.5
396;7.1;2.5;124.214;124.214;248.428;119.402;23.323;238.805;142.725;7.070;4.0
397;7.1;-0.4;127.826;127.826;255.652;122.874;22.747;245.749;145.622;7.130;4.0
398;6.8;0.1;110.276;110.276;220.552;106.004;20.063;212.009;126.068;6.780;3.8
399;8.1;1.8;186.689;186.689;373.378;179.457;60.087;358.915;239.545;8.090;5.6
400;8.1;1.3;186.689;186.689;373.378;179.457;60.113;358.915;239.571;8.090;5.6
401;8.9;-4.1;247.253;247.253;494.506;237.675;95.385;475.350;333.061;8.930;6.5
402;8.4;0.8;212.645;212.645;425.290;204.408;73.089;408.816;277.497;8.450;6.0
403;8.2;-1.8;191.736;191.736;383.472;184.309;62.738;368.618;247.047;8.160;5.6
404;8.5;0.5;214.808;214.808;429.616;206.487;74.506;412.974;280.993;8.480;6.0
405;7.1;3.6;125.418;125.418;250.836;120.560;27.536;241.119;148.095;7.090;4.2
406;9.3;0.7;271.202;271.202;542.404;260.697;112.186;521.393;372.883;9.260;6.9
407;8.0;-2.3;178.394;178.394;356.788;171.484;55.682;342.967;227.165;7.970;5.4
408;8.2;-1.3;194.620;194.620;389.240;187.081;64.171;374.162;251.252;8.200;5.7
409;7.6;2.4;156.120;156.120;312.240;150.072;40.671;300.145;190.744;7.600;5.0
410;7.9;1.4;173.578;173.578;347.156;166.854;52.141;333.708;218.995;7.890;5.3
411;8.1;0.4;190.294;190.294;380.588;182.923;61.962;365.845;244.885;8.140;5.6
412;7.7;2.8;163.344;163.344;326.688;157.017;47.961;314.033;204.977;7.720;5.2
413;8.6;-1.3;222.018;222.018;444.036;213.418;79.218;426.835;292.636;8.580;6.1
414;8.5;1.2;214.087;214.087;428.174;205.794;73.995;411.588;279.789;8.470;6.0
415;7.1;0.1;124.816;124.816;249.632;119.981;22.219;239.962;142.200;7.080;4.0
416;8.0;1.2;180.200;180.200;360.400;173.220;56.862;346.439;230.082;8.000;5.5
417;8.2;0.3;194.620;194.620;389.240;187.081;64.124;374.162;251.205;8.200;5.7
418;8.4;-1.0;211.203;211.203;422.406;203.022;72.388;406.043;275.410;8.430;5.9
419;7.7;3.0;163.344;163.344;326.688;157.017;48.669;314.033;205.685;7.720;5.2
420;9.0;3.5;253.754;253.754;507.508;243.924;108.144;487.849;352.068;9.020;6.8
421;8.6;-1.2;225.623;225.623;451.246;216.883;81.535;433.766;298.418;8.630;6.2
422;9.0;0.1;251.579;251.579;503.158;241.834;98.141;483.667;339.975;8.990;6.5
423;9.9;-3.0;317.730;317.730;635.460;305.422;156.348;610.844;461.770;9.900;7.7
424;9.6;-3.9;297.374;297.374;594.748;285.855;136.583;571.709;422.438;9.620;7.3
425;9.7;0.6;301.736;301.736;603.472;290.048;140.748;580.096;430.796;9.680;7.4
426;9.1;-1.6;258.843;258.843;517.686;248.816;103.381;497.633;352.197;9.090;6.7
427;9.3;0.3;271.202;271.202;542.404;260.697;112.206;521.393;372.903;9.260;6.9
428;9.6;-2.3;295.920;295.920;591.840;284.457;135.211;568.914;419.668;9.600;7.3
429;8.1;-1.0;190.294;190.294;380.588;182.923;62.008;365.845;244.931;8.140;5.6
430;8.7;1.6;230.670;230.670;461.340;221.735;84.638;443.469;306.372;8.700;6.2
431;8.1;-0.7;188.131;188.131;376.262;180.843;60.919;361.687;241.762;8.110;5.6
432;9.7;-3.4;304.644;304.644;609.288;292.843;143.654;585.686;436.497;9.720;7.4
433;9.3;0.8;272.656;272.656;545.312;262.094;113.225;524.188;375.319;9.280;6.9
434;9.0;-0.4;252.300;252.300;504.600;242.527;98.626;485.053;341.152;9.000;6.6
435;9.1;0.3;257.389;257.389;514.778;247.419;102.271;494.837;349.690;9.070;6.6
436;8.5;-0.3;214.808;214.808;429.616;206.487;74.543;412.974;281.030;8.480;6.0
437;9.1;-1.6;257.389;257.389;514.778;247.419;102.333;494.837;349.751;9.070;6.6
438;8.6;-0.8;221.297;221.297;442.594;212.725;78.742;425.449;291.466;8.570;6.1
439;10.9;-0.5;397.800;397.800;795.600;382.391;238.351;764.781;620.742;10.910;8.9
440;9.3;0.2;270.475;270.475;540.950;259.998;111.690;519.995;371.688;9.250;6.9
441;9.7;-2.6;303.190;303.190;606.380;291.445;142.262;582.891;433.707;9.700;7.4
442;9.6;-1.3;297.374;297.374;594.748;285.855;136.611;571.709;422.466;9.620;7.3
443;9.4;1.3;278.472;278.472;556.944;267.685;118.080;535.370;385.764;9.360;7.0
444;9.0;-3.5;251.579;251.579;503.158;241.834;98.176;483.667;340.010;8.990;6.5
445;8.2;2.0;197.504;197.504;395.008;189.853;65.793;379.707;255.647;8.240;5.7
446;8.8;-1.3;235.717;235.717;471.434;226.586;88.019;453.172;314.605;8.770;6.3
447;9.8;3.4;307.552;307.552;615.104;295.638;156.032;591.277;451.671;9.760;7.7
448;9.1;3.2;261.024;261.024;522.048;250.913;111.009;501.826;361.922;9.120;6.8
449;9.2;2.6;266.840;266.840;533.680;256.503;111.910;513.007;368.414;9.200;6.9
450;9.0;-1.3;250.858;250.858;501.716;241.141;97.726;482.281;338.867;8.980;6.5
451;10.5;-2.8;362.600;362.600;725.200;348.554;201.122;697.108;549.676;10.470;8.4
452;9.7;-2.4;300.282;300.282;600.564;288.650;139.443;577.300;428.093;9.660;7.4
453;9.7;1.6;300.282;300.282;600.564;288.650;139.255;577.300;427.905;9.660;7.4
454;9.1;1.8;260.297;260.297;520.594;250.214;104.270;500.428;354.484;9.110;6.7
455;8.3;0.1;202.551;202.551;405.102;194.705;68.077;389.410;262.782;8.310;5.8
456;8.0;2.3;180.200;180.200;360.400;173.220;58.071;346.439;231.291;8.000;5.5
457;8.1;-0.3;185.968;185.968;371.936;178.764;59.827;357.528;238.591;8.080;5.5
458;7.7;0.1;160.936;160.936;321.872;154.702;42.846;309.404;197.548;7.680;5.0
459;9.1;1.6;260.297;260.297;520.594;250.214;104.280;500.428;354.494;9.110;6.7
460;9.1;1.3;258.843;258.843;517.686;248.816;103.261;497.633;352.077;9.090;6.7
461;10.0;-3.9;325.000;325.000;650.000;312.411;163.359;624.821;475.770;10.000;7.8
462;9.5;0.8;287.196;287.196;574.392;276.071;126.615;552.142;402.686;9.480;7.1
463;9.2;-1.7;263.932;263.932;527.864;253.708;107.047;507.416;360.755;9.160;6.8
464;9.5;0.5;291.558;291.558;583.116;280.264;130.882;560.528;411.146;9.540;7.2
465;8.0;3.4;179.598;179.598;359.196;172.641;62.872;345.282;235.513;7.990;5.6
466;10.4;0.7;355.400;355.400;710.800;341.633;193.404;683.266;535.037;10.380;8.2
467;8.9;-2.2;247.974;247.974;495.948;238.368;95.887;476.737;334.255;8.940;6.5
468;9.2;-1.2;269.021;269.021;538.042;258.600;110.696;517.200;369.296;9.230;6.8
469;8.6;2.3;220.576;220.576;441.152;212.032;79.539;424.063;291.571;8.560;6.1
470;8.9;1.3;244.369;244.369;488.738;234.903;93.446;469.806;328.349;8.890;6.4
471;9.2;0.4;263.932;263.932;527.864;253.708;106.980;507.416;360.688;9.160;6.8
472;8.7;2.7;229.949;229.949;459.898;221.042;87.466;442.083;308.508;8.690;6.3
473;9.6;-1.2;298.101;298.101;596.202;286.554;137.316;573.107;423.870;9.630;7.3
474;9.5;1.1;289.377;289.377;578.754;278.167;128.707;556.335;406.875;9.510;7.2
475;8.0;0.1;179.598;179.598;359.196;172.641;56.489;345.282;229.130;7.990;5.4
476;9.0;1.1;253.027;253.027;506.054;243.226;99.072;486.451;342.298;9.010;6.6
477;9.2;0.3;267.567;267.567;535.134;257.202;109.597;514.405;366.799;9.210;6.8
478;9.5;-1.0;285.742;285.742;571.484;274.673;125.303;549.347;399.977;9.460;7.1
479;8.7;2.8;228.507;228.507;457.014;219.655;87.245;439.311;306.900;8.670;6.3
480;10.1;3.3;333.000;333.000;666.000;320.101;180.535;640.201;500.636;10.100;8.1
481;9.6;-1.1;295.920;295.920;591.840;284.457;135.197;568.914;419.654;9.600;7.3
482;10.0;0.1;323.546;323.546;647.092;311.013;161.922;622.026;472.934;9.980;7.8
483;11.0;-2.8;401.800;401.800;803.600;386.236;242.630;772.471;628.865;10.960;9.0
484;10.6;-3.7;377.000;377.000;754.000;362.396;216.317;724.792;578.713;10.650;8.6
485;10.7;0.6;382.600;382.600;765.200;367.779;222.166;735.559;589.945;10.720;8.7
486;10.1;-1.5;332.200;332.200;664.400;319.332;169.732;638.663;489.063;10.090;7.9
487;10.3;0.3;346.600;346.600;693.200;333.174;184.143;666.348;517.317;10.270;8.1
488;10.6;-2.2;377.000;377.000;754.000;362.396;216.351;724.792;578.747;10.650;8.6
489;9.1;-1.0;257.389;257.389;514.778;247.419;102.321;494.837;349.739;9.070;6.6
490;9.7;1.5;302.463;302.463;604.926;290.747;141.378;581.493;432.124;9.690;7.4
491;9.0;-0.6;254.481;254.481;508.962;244.623;100.211;489.246;344.834;9.030;6.6
492;10.8;-3.2;387.400;387.400;774.800;372.393;227.346;744.787;599.739;10.780;8.7
493;10.3;0.7;348.200;348.200;696.400;334.712;185.797;669.424;520.509;10.290;8.1
494;10.0;-0.4;325.000;325.000;650.000;312.411;163.357;624.821;475.768;10.000;7.8
495;10.1;0.3;332.200;332.200;664.400;319.332;169.659;638.663;488.990;10.090;7.9
496;9.4;-0.3;284.288;284.288;568.576;273.276;123.858;546.551;397.134;9.440;7.1
497;10.1;-1.6;331.400;331.400;662.800;318.563;169.028;637.125;487.591;10.080;7.9
498;9.5;-0.7;290.104;290.104;580.208;278.866;129.535;557.733;408.401;9.520;7.2
499;12.1;-0.5;477.700;477.700;955.400;459.195;336.927;918.391;796.123;12.060;10.3
500;10.2;0.2;344.200;344.200;688.400;330.867;181.618;661.734;512.484;10.240;8.1
501;10.8;-2.4;385.000;385.000;770.000;370.086;224.818;740.173;594.905;10.750;8.7
502;10.7;-1.2;377.800;377.800;755.600;363.165;217.184;726.331;580.349;10.660;8.6
503;10.4;1.3;355.400;355.400;710.800;341.633;193.348;683.266;534.981;10.380;8.2
504;10.0;-3.4;324.273;324.273;648.546;311.712;162.675;623.423;474.386;9.990;7.8
505;9.2;2.0;265.386;265.386;530.772;255.106;108.085;510.212;363.190;9.180;6.8
506;9.8;-1.2;306.825;306.825;613.650;294.940;145.777;589.879;440.716;9.750;7.5
507;10.8;3.2;390.600;390.600;781.200;375.469;239.604;750.939;615.073;10.820;8.9
508;10.1;3.0;334.600;334.600;669.200;321.639;179.017;643.277;500.655;10.120;8.0
509;10.2;2.5;341.800;341.800;683.600;328.560;182.337;657.120;510.897;10.210;8.1
510;10.0;-1.2;322.092;322.092;644.184;309.615;160.570;619.230;470.185;9.960;7.7
511;11.6;-2.6;444.900;444.900;889.800;427.666;293.527;855.332;721.193;11.570;9.7
512;10.7;-2.3;379.400;379.400;758.800;364.703;218.890;729.407;583.594;10.680;8.6
513;10.7;1.5;381.000;381.000;762.000;366.241;220.388;732.483;586.629;10.700;8.6
514;10.1;1.7;334.600;334.600;669.200;321.639;171.659;643.277;493.297;10.120;7.9
515;9.3;0.0;271.929;271.929;543.858;261.395;112.741;522.791;374.137;9.270;6.9
516;8.9;2.2;247.974;247.974;495.948;238.368;96.767;476.737;335.135;8.940;6.5
517;9.0;-0.3;255.208;255.208;510.416;245.322;100.726;490.644;346.048;9.040;6.6
518;8.6;0.1;222.018;222.018;444.036;213.418;79.172;426.835;292.590;8.580;6.1
519;10.1;1.6;335.400;335.400;670.800;322.408;172.376;644.815;494.784;10.130;7.9
520;10.1;1.2;331.400;331.400;662.800;318.563;168.886;637.125;487.448;10.080;7.9
521;11.1;-3.7;409.900;409.900;819.800;394.022;251.832;788.044;645.854;11.070;9.1
522;10.5;0.8;365.000;365.000;730.000;350.861;203.533;701.722;554.394;10.500;8.4
523;10.2;-1.6;337.800;337.800;675.600;324.715;174.950;649.429;499.664;10.160;8.0
524;10.6;0.4;372.200;372.200;744.400;357.782;211.174;715.564;568.956;10.590;8.5
525;8.9;3.3;244.369;244.369;488.738;234.903;100.397;469.806;335.300;8.890;6.6
526;11.5;0.6;440.000;440.000;880.000;422.956;287.570;845.912;710.526;11.500;9.6
527;9.9;-2.1;319.184;319.184;638.368;306.820;157.765;613.640;464.585;9.920;7.7
528;10.3;-1.2;345.000;345.000;690.000;331.636;182.533;663.272;514.169;10.250;8.1
529;9.5;2.2;290.104;290.104;580.208;278.866;130.493;557.733;409.360;9.520;7.2
530;9.9;1.3;316.276;316.276;632.552;304.025;154.792;608.049;458.816;9.880;7.6
531;10.2;0.4;339.400;339.400;678.800;326.253;176.541;652.506;502.794;10.180;8.0
532;9.6;2.5;299.555;299.555;599.110;287.951;141.801;575.902;429.752;9.650;7.4
533;10.7;-1.2;379.400;379.400;758.800;364.703;218.877;729.407;583.580;10.680;8.6
534;10.6;1.1;369.800;369.800;739.600;355.475;208.580;710.950;564.055;10.560;8.5
535;8.9;0.1;245.811;245.811;491.622;236.289;94.447;472.578;330.737;8.910;6.5
536;10.0;1.0;326.600;326.600;653.200;313.949;164.674;627.897;478.622;10.020;7.8
537;10.2;0.3;342.600;342.600;685.200;329.329;179.922;658.658;509.251;10.220;8.0
538;10.5;-0.9;365.000;365.000;730.000;350.861;203.640;701.722;554.501;10.500;8.4
539;9.6;2.7;298.101;298.101;596.202;286.554;141.161;573.107;427.714;9.630;7.4
540;11.2;3.2;418.300;418.300;836.600;402.096;270.152;804.193;672.249;11.190;9.3
541;10.6;-1.1;369.800;369.800;739.600;355.475;208.718;710.950;564.194;10.560;8.5
542;11.0;0.1;402.600;402.600;805.200;387.005;243.418;774.009;630.422;10.970;9.0
543;12.0;-2.7;475.900;475.900;951.800;457.465;333.245;914.930;790.710;12.020;10.2
544;11.7;-3.5;451.900;451.900;903.800;434.395;301.882;868.790;736.276;11.670;9.8
545;11.8;0.6;458.200;458.200;916.400;440.451;309.359;880.902;749.810;11.760;9.9
546;11.1;-1.5;410.600;410.600;821.200;394.695;252.690;789.389;647.384;11.080;9.1
547;11.3;0.3;424.600;424.600;849.200;408.152;269.238;816.305;677.390;11.280;9.3
548;11.7;-2.1;454.000;454.000;908.000;436.414;304.422;872.827;740.836;11.700;9.8
549;10.0;-0.9;325.000;325.000;650.000;312.411;163.379;624.821;475.789;10.000;7.8
550;10.7;1.4;380.200;380.200;760.400;365.472;219.548;730.945;585.021;10.690;8.6
551;10.0;-0.6;322.092;322.092;644.184;309.615;160.550;619.230;470.165;9.960;7.7
552;11.8;-3.1;463.800;463.800;927.600;445.834;316.549;891.668;762.383;11.840;10.0
553;11.3;0.7;426.700;426.700;853.400;410.171;271.707;820.342;681.878;11.310;9.4
554;11.0;-0.4;405.000;405.000;810.000;389.312;246.017;778.623;635.329;11.000;9.0
555;11.1;0.3;412.000;412.000;824.000;396.040;254.272;792.081;650.313;11.100;9.1
556;10.4;-0.2;357.000;357.000;714.000;343.171;195.157;686.342;538.328;10.400;8.3
557;11.1;-1.5;411.300;411.300;822.600;395.368;253.520;790.735;648.888;11.090;9.1
558;10.5;-0.7;361.800;361.800;723.600;347.785;200.249;695.570;548.034;10.460;8.3
559;13.2;-0.5;527.200;527.200;1054.400;506.778;435.643;1013.556;942.421;13.200;11.6
560;11.2;0.2;421.100;421.100;842.200;404.788;265.082;809.576;669.870;11.230;9.3
561;11.8;-2.3;460.300;460.300;920.600;442.469;311.978;884.939;754.448;11.790;9.9
562;11.7;-1.1;453.300;453.300;906.600;435.741;303.570;871.481;739.311;11.690;9.8
563;11.4;1.2;433.000;433.000;866.000;416.227;279.168;832.454;695.395;11.400;9.5
564;11.0;-3.3;404.200;404.200;808.400;388.543;245.189;777.085;633.732;10.990;9.0
565;10.1;1.9;335.400;335.400;670.800;322.408;172.371;644.815;494.779;10.130;7.9
566;10.7;-1.2;384.200;384.200;768.400;369.317;223.958;738.635;593.275;10.740;8.7
567;11.9;3.1;466.600;466.600;933.200;448.525;327.796;897.051;776.322;11.880;10.2
568;11.1;2.9;413.400;413.400;826.800;397.386;261.608;794.772;658.995;11.120;9.2
569;11.2;2.4;420.400;420.400;840.800;404.115;266.474;808.230;670.589;11.220;9.3
570;10.9;-1.2;400.200;400.200;800.400;384.698;240.922;769.395;625.620;10.940;8.9
571;12.7;-2.5;505.150;505.150;1010.300;485.582;393.403;971.164;878.985;12.670;11.0
572;11.7;-2.2;454.700;454.700;909.400;437.086;305.261;874.173;742.348;11.710;9.8
573;11.7;1.5;456.800;456.800;913.600;439.105;307.608;878.210;746.713;11.740;9.9
574;11.1;1.6;414.100;414.100;828.200;398.059;256.647;796.118;654.707;11.130;9.2
575;10.2;0.0;343.400;343.400;686.800;330.098;180.786;660.196;510.884;10.230;8.1
576;9.9;2.1;316.276;316.276;632.552;304.025;155.521;608.049;459.546;9.880;7.6
577;10.0;-0.3;324.273;324.273;648.546;311.712;162.650;623.423;474.362;9.990;7.8
578;9.5;0.1;287.923;287.923;575.846;276.770;127.374;553.540;404.144;9.490;7.2
579;11.1;1.5;415.500;415.500;831.000;399.405;258.323;798.810;657.727;11.150;9.2
580;11.1;1.2;410.600;410.600;821.200;394.695;252.541;789.389;647.235;11.080;9.1
581;12.1;-3.6;481.300;481.300;962.600;462.656;344.378;925.312;807.034;12.140;10.4
582;11.5;0.8;442.100;442.100;884.200;424.974;290.068;849.949;715.043;11.530;9.6
583;11.2;-1.6;416.200;416.200;832.400;400.078;259.335;800.156;659.413;11.160;9.2
584;11.6;0.4;449.100;449.100;898.200;431.703;298.465;863.407;730.169;11.630;9.8
585;9.8;3.1;309.733;309.733;619.466;297.735;155.916;595.470;453.651;9.790;7.7
586;12.6;0.6;502.900;502.900;1005.800;483.419;389.191;966.839;872.610;12.620;10.9
587;10.9;-2.0;397.000;397.000;794.000;381.621;237.540;763.243;619.161;10.900;8.9
588;11.3;-1.1;423.900;423.900;847.800;407.480;268.473;814.959;675.953;11.270;9.3
589;10.5;2.1;363.400;363.400;726.800;349.323;202.474;698.646;551.797;10.480;8.4
590;10.9;1.2;395.400;395.400;790.800;380.084;235.681;760.167;615.765;10.880;8.9
591;11.2;0.4;418.300;418.300;836.600;402.096;261.745;804.193;663.841;11.190;9.2
592;10.6;2.4;374.600;374.600;749.200;360.089;216.353;720.178;576.442;10.620;8.6
593;11.7;-1.1;455.400;455.400;910.800;437.759;306.087;875.519;743.846;11.720;9.9
594;11.6;1.0;447.000;447.000;894.000;429.685;295.903;859.369;725.588;11.600;9.7
595;9.8;0.1;312.641;312.641;625.282;300.530;151.359;601.061;451.890;9.830;7.6
596;11.0;1.0;407.100;407.100;814.200;391.330;248.408;782.661;639.738;11.030;9.0
597;11.2;0.3;421.100;421.100;842.200;404.788;265.075;809.576;669.863;11.230;9.3
598;11.5;-0.9;442.800;442.800;885.600;425.647;290.998;851.295;716.645;11.540;9.6
599;10.6;2.5;372.200;372.200;744.400;357.782;214.531;715.564;572.314;10.590;8.5
600;12.3;3.1;486.700;486.700;973.400;467.847;362.620;935.694;830.466;12.260;10.6
601;11.5;-1.0;442.100;442.100;884.200;424.974;290.166;849.949;715.140;11.530;9.6
602;12.0;0.1;472.900;472.900;945.800;454.581;328.534;909.163;783.115;11.970;10.2
603;13.1;-2.6;522.520;522.520;1045.040;502.279;425.895;1004.559;928.174;13.070;11.5
604;12.7;-3.4;506.500;506.500;1013.000;486.880;395.856;973.760;882.736;12.700;11.0
605;12.8;0.6;511.000;511.000;1022.000;491.206;404.031;982.411;895.237;12.800;11.2
606;12.1;-1.4;478.600;478.600;957.200;460.061;338.816;920.121;798.877;12.080;10.3
607;12.3;0.3;488.050;488.050;976.100;469.145;358.306;938.289;827.450;12.290;10.5
608;12.8;-2.0;508.750;508.750;1017.500;489.043;399.992;978.085;889.034;12.750;11.1
609;10.9;-0.9;400.200;400.200;800.400;384.698;240.913;769.395;625.610;10.940;8.9
610;11.7;1.4;453.300;453.300;906.600;435.741;303.418;871.481;739.159;11.690;9.8
611;10.9;-0.6;397.000;397.000;794.000;381.621;237.504;763.243;619.126;10.900;8.9
612;12.9;-3.0;515.050;515.050;1030.100;495.099;411.538;990.197;906.636;12.890;11.3
613;12.3;0.7;489.400;489.400;978.800;470.442;361.080;940.884;831.522;12.320;10.6
614;12.0;-0.3;474.300;474.300;948.600;455.927;330.418;911.854;786.345;11.990;10.2
615;12.1;0.3;479.950;479.950;959.900;461.358;341.532;922.717;802.890;12.110;10.3
616;11.4;-0.2;430.200;430.200;860.400;413.535;275.936;827.071;689.471;11.360;9.4
617;12.1;-1.4;479.950;479.950;959.900;461.358;341.607;922.717;802.965;12.110;10.3
618;11.4;-0.7;433.700;433.700;867.400;416.900;280.127;833.800;697.027;11.410;9.5
619;14.3;-0.5;561.775;561.775;1123.550;540.014;497.866;1080.027;1037.879;14.330;12.9
620;12.2;0.2;484.900;484.900;969.800;466.117;351.781;932.233;817.898;12.220;10.5
621;12.8;-2.3;512.350;512.350;1024.700;492.503;406.589;985.006;899.093;12.830;11.2
622;12.7;-1.1;507.850;507.850;1015.700;488.178;398.332;976.355;886.509;12.730;11.1
623;12.4;1.2;493.900;493.900;987.800;474.768;370.390;949.536;845.158;12.420;10.7
624;12.0;-3.1;474.300;474.300;948.600;455.927;330.451;911.854;786.378;11.990;10.2
625;11.1;1.8;410.600;410.600;821.200;394.695;252.477;789.389;647.172;11.080;9.1
626;11.7;-1.1;455.400;455.400;910.800;437.759;306.086;875.519;743.846;11.720;9.9
627;12.9;3.0;516.850;516.850;1033.700;496.829;419.813;993.658;916.642;12.930;11.4
628;12.1;2.7;480.400;480.400;960.800;461.791;347.127;923.582;808.918;12.120;10.4
629;12.2;2.3;485.350;485.350;970.700;466.549;354.307;933.098;820.857;12.230;10.5
630;11.9;-1.1;470.100;470.100;940.200;451.890;324.882;903.780;776.772;11.930;10.1
631;13.8;-2.4;547.720;547.720;1095.440;526.503;470.892;1053.006;997.395;13.770;12.3
632;12.7;-2.1;507.850;507.850;1015.700;488.178;398.344;976.355;886.521;12.730;11.1
633;12.8;1.4;510.100;510.100;1020.200;490.340;402.325;980.681;892.665;12.780;11.1
634;12.1;1.5;480.850;480.850;961.700;462.223;343.285;924.447;805.508;12.130;10.4
635;11.2;0.0;418.300;418.300;836.600;402.096;261.766;804.193;663.863;11.190;9.2
636;10.8;2.0;391.400;391.400;782.800;376.238;231.832;752.477;608.071;10.830;8.8
637;10.9;-0.3;401.000;401.000;802.000;385.467;241.737;770.933;627.204;10.950;8.9
638;10.4;0.1;357.800;357.800;715.600;343.940;195.982;687.880;539.922;10.410;8.3
639;12.2;1.4;482.650;482.650;965.300;463.954;347.022;927.907;810.976;12.170;10.4
640;12.1;1.1;478.150;478.150;956.300;459.628;337.744;919.256;797.372;12.070;10.3
641;13.2;-3.5;527.200;527.200;1054.400;506.778;435.655;1013.556;942.432;13.200;11.6
642;12.6;0.7;499.750;499.750;999.500;480.391;382.608;960.783;863.000;12.550;10.9
643;12.2;-1.5;482.200;482.200;964.400;463.521;346.262;927.042;809.783;12.160;10.4
644;12.7;0.4;505.600;505.600;1011.200;486.015;394.154;972.029;880.168;12.680;11.0
645;10.7;3.0;381.000;381.000;762.000;366.241;227.320;732.483;593.561;10.700;8.7
646;13.7;0.6;545.920;545.920;1091.840;524.773;468.397;1049.546;993.170;13.720;12.2
647;11.9;-1.9;466.600;466.600;933.200;448.525;320.264;897.051;768.789;11.880;10.1
648;12.3;-1.1;488.500;488.500;977.000;469.577;359.305;939.154;828.882;12.300;10.6
649;11.4;2.0;436.500;436.500;873.000;419.591;283.643;839.183;703.235;11.450;9.5
650;11.9;1.2;465.900;465.900;931.800;447.853;319.182;895.705;767.034;11.870;10.0
651;12.2;0.3;484.000;484.000;968.000;465.251;349.908;930.503;815.160;12.200;10.4
652;11.6;2.3;446.300;446.300;892.600;429.012;296.917;858.024;725.928;11.590;9.7
653;12.8;-1.1;509.200;509.200;1018.400;489.475;400.804;978.951;890.279;12.760;11.1
654;12.6;1.0;503.800;503.800;1007.600;484.284;390.823;968.569;875.108;12.640;11.0
655;10.8;0.1;385.000;385.000;770.000;370.086;224.748;740.173;594.834;10.750;8.7
656;12.0;1.0;476.800;476.800;953.600;458.330;334.971;916.661;793.301;12.040;10.2
657;12.2;0.3;485.800;485.800;971.600;466.982;353.641;933.963;820.622;12.240;10.5
658;12.6;-0.9;500.650;500.650;1001.300;481.256;384.573;962.513;865.829;12.570;10.9
659;11.6;2.4;443.500;443.500;887.000;426.320;294.117;852.641;720.437;11.550;9.7
660;13.3;3.0;532.240;532.240;1064.480;511.623;450.948;1023.245;962.571;13.340;11.9
661;12.5;-1.0;497.500;497.500;995.000;478.228;378.012;956.457;856.240;12.500;10.8
662;13.0;0.1;518.200;518.200;1036.400;498.127;417.276;996.253;915.403;12.960;11.4
663;14.1;-2.5;558.275;558.275;1116.550;536.649;488.352;1073.299;1025.001;14.130;12.7
664;13.7;-3.3;546.280;546.280;1092.560;525.119;468.927;1050.238;994.046;13.730;12.2
665;13.8;0.6;550.240;550.240;1100.480;528.925;474.273;1057.851;1003.198;13.840;12.4
666;13.1;-1.4;522.880;522.880;1045.760;502.625;426.641;1005.251;929.266;13.080;11.5
667;13.3;0.3;530.800;530.800;1061.600;510.239;443.146;1020.477;953.384;13.300;11.8
668;13.8;-1.9;548.800;548.800;1097.600;527.541;472.361;1055.083;999.902;13.800;12.3
669;11.9;-0.8;466.600;466.600;933.200;448.525;320.240;897.051;768.765;11.880;10.1
670;12.7;1.3;505.600;505.600;1011.200;486.015;394.090;972.029;880.105;12.680;11.0
671;11.8;-0.6;463.100;463.100;926.200;445.161;315.599;890.322;760.760;11.830;10.0
672;13.9;-2.9;553.840;553.840;1107.680;532.386;479.224;1064.772;1011.610;13.940;12.5
673;13.3;0.7;531.880;531.880;1063.760;511.277;445.390;1022.553;956.666;13.330;11.8
674;13.0;-0.3;519.550;519.550;1039.100;499.424;419.780;998.849;919.204;12.990;11.4
675;13.1;0.3;524.320;524.320;1048.640;504.010;429.591;1008.019;933.600;13.120;11.5
676;12.3;-0.2;489.850;489.850;979.700;470.875;362.072;941.750;832.947;12.330;10.6
677;13.1;-1.4;524.320;524.320;1048.640;504.010;429.647;1008.019;933.656;13.120;11.5
678;12.4;-0.6;491.650;491.650;983.300;472.605;365.830;945.210;838.435;12.370;10.6
679;15.5;-0.5;573.500;573.500;1147.000;551.284;537.734;1102.569;1089.018;15.460;14.1
680;13.2;0.2;527.560;527.560;1055.120;507.124;436.366;1014.248;943.490;13.210;11.6
681;13.9;-2.2;551.320;551.320;1102.640;529.964;475.792;1059.927;1005.756;13.870;12.4
682;13.8;-1.1;547.360;547.360;1094.720;526.157;470.395;1052.314;996.552;13.760;12.3
683;13.4;1.1;535.840;535.840;1071.680;515.083;453.673;1030.167;968.756;13.440;11.9
684;13.0;-3.0;519.550;519.550;1039.100;499.424;419.808;998.849;919.232;12.990;11.4
685;12.0;1.7;476.350;476.350;952.700;457.898;333.966;915.795;791.864;12.030;10.2
686;12.7;-1.1;506.500;506.500;1013.000;486.880;395.860;973.760;882.740;12.700;11.0
687;14.0;2.9;555.280;555.280;1110.560;533.770;483.728;1067.541;1017.498;13.980;12.6
688;13.1;2.6;523.960;523.960;1047.920;503.663;431.860;1007.327;935.524;13.110;11.6
689;13.3;2.2;529.000;529.000;1058.000;508.508;440.273;1017.017;948.781;13.250;11.7
690;12.9;-1.1;515.950;515.950;1031.900;495.964;413.185;991.928;909.148;12.910;11.3
691;14.9;-2.3;571.050;571.050;1142.100;548.929;518.614;1097.859;1067.543;14.860;13.5
692;13.8;-2.0;547.360;547.360;1094.720;526.157;470.403;1052.314;996.560;13.760;12.3
693;13.8;1.4;549.520;549.520;1099.040;528.233;473.261;1056.467;1001.495;13.820;12.3
694;13.1;1.5;525.040;525.040;1050.080;504.702;431.016;1009.403;935.717;13.140;11.6
695;12.1;0.0;481.750;481.750;963.500;463.089;345.270;926.177;808.359;12.150;10.4
696;11.8;1.9;458.900;458.900;917.800;441.124;310.258;882.247;751.382;11.770;9.9
697;11.9;-0.3;468.700;468.700;937.400;450.544;322.995;901.088;773.539;11.910;10.1
698;11.3;0.1;428.100;428.100;856.200;411.517;273.418;823.034;684.935;11.330;9.4
699;13.2;1.4;526.840;526.840;1053.680;506.432;434.787;1012.864;941.219;13.190;11.6
700;13.1;1.1;522.520;522.520;1045.040;502.279;425.784;1004.559;928.063;13.070;11.5
701;14.3;-3.3;560.550;560.550;1121.100;538.836;494.535;1077.672;1033.371;14.260;12.8
702;13.6;0.7;540.520;540.520;1081.040;519.582;461.067;1039.164;980.649;13.570;12.1
703;13.2;-1.5;526.120;526.120;1052.240;505.740;433.409;1011.480;939.149;13.170;11.6
704;13.7;0.4;545.920;545.920;1091.840;524.773;468.404;1049.546;993.176;13.720;12.2
705;11.6;2.8;448.400;448.400;896.800;431.030;302.949;862.061;733.979;11.620;9.8
706;14.8;0.6;570.350;570.350;1140.700;548.256;517.038;1096.513;1065.294;14.820;13.4
707;12.9;-1.8;513.700;513.700;1027.400;493.801;409.065;987.602;902.866;12.860;11.2
708;13.3;-1.0;531.520;531.520;1063.040;510.931;444.704;1021.861;955.635;13.320;11.8
709;12.4;1.9;493.900;493.900;987.800;474.768;370.446;949.536;845.214;12.420;10.7
710;12.9;1.1;514.150;514.150;1028.300;494.234;409.774;988.467;904.008;12.870;11.3
711;13.2;0.3;527.920;527.920;1055.840;507.470;437.113;1014.940;944.583;13.220;11.7
712;12.6;2.3;500.650;500.650;1001.300;481.256;385.832;962.513;867.089;12.570;10.9
713;13.8;-1.1;548.800;548.800;1097.600;527.541;472.353;1055.083;999.895;13.800;12.3
714;13.7;1.0;544.120;544.120;1088.240;523.043;465.938;1046.085;988.980;13.670;12.2
715;11.7;0.1;452.600;452.600;905.200;435.068;302.680;870.136;737.747;11.680;9.8
716;13.1;0.9;521.800;521.800;1043.600;501.587;424.294;1003.174;925.881;13.050;11.5
717;13.3;0.3;529.000;529.000;1058.000;508.508;439.376;1017.017;947.884;13.250;11.7
718;13.6;-0.8;541.600;541.600;1083.200;520.620;462.573;1041.240;983.193;13.600;12.1
719;12.5;2.3;497.950;497.950;995.900;478.661;380.655;957.322;859.316;12.510;10.8
720;14.4;2.8;563.175;563.175;1126.350;541.359;503.243;1082.719;1044.603;14.410;13.0
721;13.5;-0.9;537.280;537.280;1074.560;516.467;456.727;1032.935;973.195;13.480;12.0
722;14.0;0.1;554.560;554.560;1109.120;533.078;480.176;1066.156;1013.254;13.960;12.5
723;15.2;-2.4;573.500;573.500;1147.000;551.284;530.729;1102.569;1082.013;15.180;13.8
724;14.8;-3.2;569.125;569.125;1138.250;547.079;514.373;1094.158;1061.452;14.750;13.4
725;14.9;0.6;571.400;571.400;1142.800;549.266;519.351;1098.532;1068.616;14.880;13.5
726;14.1;-1.3;557.400;557.400;1114.800;535.808;485.970;1071.616;1021.779;14.080;12.6
727;14.3;0.3;561.425;561.425;1122.850;539.677;496.892;1079.354;1036.569;14.310;12.9
728;14.8;-1.9;570.700;570.700;1141.400;548.593;517.843;1097.186;1066.436;14.840;13.5
729;12.8;-0.8;511.900;511.900;1023.800;492.071;405.744;984.141;897.815;12.820;11.2
730;13.7;1.3;544.480;544.480;1088.960;523.389;466.413;1046.777;989.802;13.680;12.2
731;12.8;-0.5;509.650;509.650;1019.300;489.908;401.611;979.816;891.518;12.770;11.1
732;15.0;-2.8;573.325;573.325;1146.650;551.116;523.629;1102.233;1074.746;14.990;13.6
733;14.3;0.6;561.950;561.950;1123.900;540.182;498.312;1080.364;1038.494;14.340;12.9
734;14.0;-0.3;555.640;555.640;1111.280;534.116;481.663;1068.233;1015.779;13.990;12.5
735;14.1;0.3;558.275;558.275;1116.550;536.649;488.316;1073.299;1024.965;14.130;12.7
736;13.3;-0.2;530.440;530.440;1060.880;509.892;442.414;1019.785;952.307;13.290;11.7
737;14.1;-1.3;558.450;558.450;1116.900;536.818;488.824;1073.635;1025.641;14.140;12.7
738;13.3;-0.6;531.520;531.520;1063.040;510.931;444.693;1021.861;955.623;13.320;11.8
739;16.6;-0.4;574.892;574.892;1149.784;552.623;551.284;1105.245;1103.907;16.580;15.3
740;14.2;0.2;559.500;559.500;1119.000;537.827;491.650;1075.654;1029.476;14.200;12.8
741;14.9;-2.1;571.925;571.925;1143.850;549.771;520.542;1099.541;1070.313;14.910;13.5
742;14.8;-1.0;569.650;569.650;1139.300;547.584;515.526;1095.167;1063.110;14.780;13.4
743;14.5;1.1;564.050;564.050;1128.100;542.201;503.197;1084.401;1045.397;14.460;13.0
744;14.0;-2.9;555.640;555.640;1111.280;534.116;481.681;1068.233;1015.797;13.990;12.5
745;13.0;1.7;519.550;519.550;1039.100;499.424;419.658;998.849;919.082;12.990;11.4
746;13.7;-1.0;544.840;544.840;1089.680;523.735;466.971;1047.469;990.706;13.690;12.2
747;15.0;2.8;573.500;573.500;1147.000;551.284;526.737;1102.569;1078.022;15.030;13.7
748;14.1;2.5;557.925;557.925;1115.850;536.313;488.826;1072.626;1025.139;14.110;12.7
749;14.3;2.1;560.550;560.550;1121.100;538.836;494.856;1077.672;1033.692;14.260;12.8
750;13.9;-1.0;552.040;552.040;1104.080;530.656;476.765;1061.312;1007.421;13.890;12.4
751;15.9;-2.3;573.500;573.500;1147.000;551.284;546.521;1102.569;1097.805;15.940;14.7
752;14.8;-2.0;569.650;569.650;1139.300;547.584;515.532;1095.167;1063.116;14.780;13.4
753;14.9;1.3;570.875;570.875;1141.750;548.761;518.172;1097.522;1066.933;14.850;13.5
754;14.1;1.4;558.625;558.625;1117.250;536.986;489.223;1073.971;1026.208;14.150;12.7
755;13.1;0.0;524.320;524.320;1048.640;504.010;429.603;1008.019;933.612;13.120;11.5
756;12.7;1.9;507.400;507.400;1014.800;487.745;397.351;975.490;885.096;12.720;11.1
757;12.9;-0.3;514.600;514.600;1029.200;494.666;410.680;989.332;905.346;12.880;11.3
758;12.3;0.1;486.250;486.250;972.500;467.414;354.588;934.829;822.002;12.250;10.5
759;14.2;1.3;559.675;559.675;1119.350;537.995;492.085;1075.990;1030.080;14.210;12.8
760;14.1;1.0;557.225;557.225;1114.450;535.640;485.435;1071.280;1021.075;14.070;12.6
761;15.3;-3.2;573.500;573.500;1147.000;551.284;535.189;1102.569;1086.473;15.320;14.0
762;14.6;0.7;566.325;566.325;1132.650;544.387;508.191;1088.775;1052.578;14.590;13.2
763;14.2;-1.4;558.975;558.975;1117.950;537.322;490.252;1074.644;1027.574;14.170;12.7
764;14.8;0.4;569.475;569.475;1138.950;547.415;515.117;1094.831;1062.532;14.770;13.4
765;12.5;2.8;498.850;498.850;997.700;479.526;385.266;959.052;864.792;12.530;10.9
766;15.9;0.5;573.500;573.500;1147.000;551.284;546.138;1102.569;1097.423;15.920;14.6
767;13.8;-1.8;550.240;550.240;1100.480;528.925;474.320;1057.851;1003.245;13.840;12.4
768;14.3;-1.0;561.950;561.950;1123.900;540.182;498.352;1080.364;1038.534;14.340;12.9
769;13.4;1.9;534.040;534.040;1068.080;513.353;449.840;1026.706;963.193;13.390;11.9
770;13.9;1.1;550.960;550.960;1101.920;529.618;475.234;1059.235;1004.852;13.860;12.4
771;14.2;0.3;560.025;560.025;1120.050;538.331;493.075;1076.663;1031.407;14.230;12.8
772;13.5;2.2;539.440;539.440;1078.880;518.544;460.084;1037.088;978.627;13.540;12.0
773;14.8;-1.0;570.700;570.700;1141.400;548.593;517.837;1097.186;1066.430;14.840;13.5
774;14.7;0.9;568.425;568.425;1136.850;546.406;512.793;1092.812;1059.199;14.710;13.3
775;12.6;0.1;502.450;502.450;1004.900;482.987;388.286;965.973;871.273;12.610;10.9
776;14.1;0.9;557.050;557.050;1114.100;535.472;484.966;1070.943;1020.438;14.060;12.6
777;14.3;0.3;560.375;560.375;1120.750;538.668;494.030;1077.336;1032.698;14.250;12.8
778;14.6;-0.8;567.200;567.200;1134.400;545.229;510.141;1090.457;1055.369;14.640;13.2
779;13.5;2.3;537.280;537.280;1074.560;516.467;457.367;1032.935;973.834;13.480;12.0
780;15.5;2.8;573.500;573.500;1147.000;551.284;538.668;1102.569;1089.953;15.470;14.2
781;14.4;-0.9;563.875;563.875;1127.750;542.032;502.858;1084.065;1044.891;14.450;13.0
782;14.9;0.1;572.625;572.625;1145.250;550.443;522.062;1100.887;1072.505;14.950;13.6
783;16.2;-2.3;574.028;574.028;1148.056;551.792;551.284;1103.584;1103.077;16.220;15.0
784;15.8;-3.1;573.500;573.500;1147.000;551.284;543.402;1102.569;1094.687;15.770;14.5
785;15.9;0.5;573.500;573.500;1147.000;551.284;545.955;1102.569;1097.239;15.910;14.6
786;15.1;-1.3;573.500;573.500;1147.000;551.284;526.994;1102.569;1078.279;15.080;13.7
787;15.3;0.3;573.500;573.500;1147.000;551.284;535.178;1102.569;1086.462;15.320;14.0
788;15.9;-1.8;573.500;573.500;1147.000;551.284;545.420;1102.569;1096.704;15.880;14.6
789;13.8;-0.8;547.360;547.360;1094.720;526.157;470.390;1052.314;996.547;13.760;12.3
790;14.7;1.2;567.900;567.900;1135.800;545.901;511.631;1091.803;1057.532;14.680;13.3
791;13.7;-0.5;545.920;545.920;1091.840;524.773;468.428;1049.546;993.201;13.720;12.2
792;16.0;-2.7;573.596;573.596;1147.192;551.377;548.329;1102.754;1099.706;16.040;14.8
793;15.4;0.6;573.500;573.500;1147.000;551.284;535.720;1102.569;1087.004;15.350;14.0
794;15.0;-0.3;573.150;573.150;1146.300;550.948;523.229;1101.896;1074.177;14.980;13.6
795;15.1;0.3;573.500;573.500;1147.000;551.284;529.209;1102.569;1080.493;15.140;13.8
796;14.3;-0.2;560.550;560.550;1121.100;538.836;494.520;1077.672;1033.356;14.260;12.8
797;15.1;-1.3;573.500;573.500;1147.000;551.284;529.605;1102.569;1080.890;15.150;13.8
798;14.3;-0.6;560.900;560.900;1121.800;539.173;495.482;1078.345;1034.655;14.280;12.8
799;17.7;-0.4;571.210;571.210;1142.420;549.083;552.636;1098.166;1101.719;17.700;16.5
800;15.2;0.2;573.500;573.500;1147.000;551.284;531.450;1102.569;1082.735;15.200;13.9
801;15.9;-2.0;573.500;573.500;1147.000;551.284;546.704;1102.569;1097.989;15.950;14.7
802;15.8;-1.0;573.500;573.500;1147.000;551.284;544.134;1102.569;1095.418;15.810;14.5
803;15.5;1.1;573.500;573.500;1147.000;551.284;538.082;1102.569;1089.366;15.480;14.2
804;15.0;-2.8;573.325;573.325;1146.650;551.116;523.629;1102.233;1074.745;14.990;13.6
805;13.9;1.6;554.200;554.200;1108.400;532.732;479.628;1065.464;1012.360;13.950;12.5
806;14.7;-1.0;567.900;567.900;1135.800;545.901;511.680;1091.803;1057.582;14.680;13.3
807;16.1;2.7;573.668;573.668;1147.336;551.446;549.495;1102.892;1100.941;16.070;14.8
808;15.1;2.5;573.500;573.500;1147.000;551.284;528.988;1102.569;1080.273;15.110;13.8
809;15.3;2.1;573.500;573.500;1147.000;551.284;534.219;1102.569;1085.503;15.270;13.9
810;14.9;-1.0;571.400;571.400;1142.800;549.266;519.379;1098.532;1068.645;14.880;13.5
811;17.0;-2.2;575.699;575.699;1151.398;553.398;551.284;1106.797;1104.683;17.030;15.8
812;15.8;-1.9;573.500;573.500;1147.000;551.284;543.953;1102.569;1095.238;15.800;14.5
813;15.9;1.3;573.500;573.500;1147.000;551.284;545.578;1102.569;1096.863;15.890;14.6
814;15.1;1.4;573.500;573.500;1147.000;551.284;529.550;1102.569;1080.835;15.150;13.8
815;14.1;0.0;557.400;557.400;1114.800;535.808;485.945;1071.616;1021.753;14.080;12.6
816;13.7;1.8;544.480;544.480;1088.960;523.389;466.388;1046.777;989.777;13.680;12.2
817;13.8;-0.3;550.240;550.240;1100.480;528.925;474.298;1057.851;1003.224;13.840;12.4
818;13.2;0.1;526.480;526.480;1052.960;506.086;434.114;1012.172;940.200;13.180;11.6
819;15.2;1.3;573.500;573.500;1147.000;551.284;532.168;1102.569;1083.452;15.220;13.9
820;15.1;1.0;573.500;573.500;1147.000;551.284;526.205;1102.569;1077.490;15.060;13.7
821;16.4;-3.1;574.388;574.388;1148.776;552.138;551.284;1104.276;1103.423;16.370;15.1
822;15.6;0.7;573.500;573.500;1147.000;551.284;540.460;1102.569;1091.744;15.610;14.3
823;15.2;-1.4;573.500;573.500;1147.000;551.284;530.352;1102.569;1081.637;15.170;13.8
824;15.8;0.4;573.500;573.500;1147.000;551.284;544.123;1102.569;1095.407;15.810;14.5
825;13.5;2.7;536.560;536.560;1073.120;515.775;457.647;1031.551;973.423;13.460;12.0
826;17.0;0.5;575.833;575.833;1151.666;553.527;551.284;1107.054;1104.812;17.010;15.8
827;14.8;-1.7;570.350;570.350;1140.700;548.256;517.072;1096.513;1065.328;14.820;13.4
828;15.4;-1.0;573.500;573.500;1147.000;551.284;535.916;1102.569;1087.200;15.360;14.0
829;14.4;1.8;562.300;562.300;1124.600;540.518;499.219;1081.037;1039.738;14.360;12.9
830;14.9;1.0;571.050;571.050;1142.100;548.929;518.566;1097.859;1067.495;14.860;13.5
831;15.2;0.3;573.500;573.500;1147.000;551.284;532.942;1102.569;1084.227;15.240;13.9
832;14.5;2.1;565.100;565.100;1130.200;543.210;505.743;1086.420;1048.953;14.520;13.1
833;15.9;-1.0;573.500;573.500;1147.000;551.284;545.234;1102.569;1096.518;15.870;14.6
834;15.7;0.9;573.500;573.500;1147.000;551.284;542.834;1102.569;1094.119;15.740;14.4
835;13.6;0.1;539.800;539.800;1079.600;518.890;460.114;1037.780;979.004;13.550;12.0
836;15.1;0.9;573.500;573.500;1147.000;551.284;526.583;1102.569;1077.867;15.070;13.7
837;15.3;0.3;573.500;573.500;1147.000;551.284;533.691;1102.569;1084.975;15.260;13.9
838;15.7;-0.8;573.500;573.500;1147.000;551.284;541.570;1102.569;1092.854;15.670;14.4
839;14.4;2.2;563.700;563.700;1127.400;541.864;502.799;1083.728;1044.663;14.440;13.0
840;16.5;2.7;574.796;574.796;1149.592;552.530;551.284;1105.061;1103.815;16.540;15.3
841;15.4;-0.9;573.500;573.500;1147.000;551.284;537.008;1102.569;1088.292;15.420;14.1
842;15.9;0.1;573.500;573.500;1147.000;551.284;546.693;1102.569;1097.978;15.950;14.7
843;17.3;-2.3;574.091;574.091;1148.182;551.853;551.576;1103.705;1103.429;17.270;16.1
844;16.8;-3.0;575.420;575.420;1150.840;553.130;551.284;1106.260;1104.415;16.800;15.6
845;16.9;0.5;575.756;575.756;1151.512;553.453;551.284;1106.906;1104.738;16.940;15.7
846;16.1;-1.2;573.668;573.668;1147.336;551.446;548.858;1102.892;1100.304;16.070;14.8
847;16.3;0.3;574.292;574.292;1148.584;552.046;551.284;1104.092;1103.330;16.330;15.1
848;16.9;-1.8;575.708;575.708;1151.416;553.407;551.284;1106.814;1104.691;16.920;15.7
849;14.7;-0.8;568.425;568.425;1136.850;546.406;512.830;1092.812;1059.236;14.710;13.3
850;15.7;1.2;573.500;573.500;1147.000;551.284;541.549;1102.569;1092.834;15.670;14.4
851;14.7;-0.5;567.550;567.550;1135.100;545.565;510.905;1091.130;1056.469;14.660;13.3
852;17.1;-2.6;575.364;575.364;1150.728;553.076;551.284;1106.153;1104.361;17.080;15.9
853;16.4;0.6;574.364;574.364;1148.728;552.115;551.284;1104.230;1103.400;16.360;15.1
854;16.0;-0.3;573.500;573.500;1147.000;551.284;547.248;1102.569;1098.533;15.980;14.7
855;16.1;0.3;573.836;573.836;1147.672;551.607;550.086;1103.215;1101.693;16.140;14.9
856;15.2;-0.2;573.500;573.500;1147.000;551.284;532.579;1102.569;1083.863;15.230;13.9
857;16.2;-1.2;573.884;573.884;1147.768;551.654;550.451;1103.307;1102.104;16.160;14.9
858;15.2;-0.6;573.500;573.500;1147.000;551.284;532.958;1102.569;1084.243;15.240;13.9
859;18.8;-0.4;573.169;573.169;1146.338;550.966;548.792;1101.933;1099.758;18.810;17.7
860;16.2;0.2;573.956;573.956;1147.912;551.723;550.972;1103.446;1102.695;16.190;14.9
861;17.0;-2.0;575.852;575.852;1151.704;553.545;551.284;1107.091;1104.830;16.980;15.8
862;16.8;-1.0;575.516;575.516;1151.032;553.222;551.284;1106.445;1104.507;16.840;15.6
863;16.5;1.0;574.676;574.676;1149.352;552.415;551.284;1104.830;1103.699;16.490;15.2
864;16.0;-2.7;573.500;573.500;1147.000;551.284;547.438;1102.569;1098.723;15.990;14.7
865;14.9;1.6;571.925;571.925;1143.850;549.771;520.477;1099.541;1070.248;14.910;13.5
866;15.7;-1.0;573.500;573.500;1147.000;551.284;541.388;1102.569;1092.673;15.660;14.4
867;17.1;2.6;575.096;575.096;1150.192;552.819;551.284;1105.637;1104.103;17.120;15.9
868;16.1;2.4;573.764;573.764;1147.528;551.538;549.886;1103.076;1101.424;16.110;14.9
869;16.3;2.0;574.172;574.172;1148.344;551.930;551.284;1103.861;1103.215;16.280;15.0
870;15.9;-1.0;573.500;573.500;1147.000;551.284;545.050;1102.569;1096.334;15.860;14.6
871;18.1;-2.1;569.739;569.739;1139.478;547.669;553.452;1095.338;1101.121;18.110;17.0
872;16.8;-1.9;575.468;575.468;1150.936;553.176;551.284;1106.353;1104.461;16.820;15.6
873;16.9;1.2;575.708;575.708;1151.416;553.407;551.284;1106.814;1104.691;16.920;15.7
874;16.2;1.4;573.884;573.884;1147.768;551.654;550.426;1103.307;1102.080;16.160;14.9
875;15.1;0.0;573.500;573.500;1147.000;551.284;525.858;1102.569;1077.142;15.050;13.7
876;14.6;1.7;567.025;567.025;1134.050;545.060;509.692;1090.121;1054.753;14.630;13.2
877;14.8;-0.3;570.175;570.175;1140.350;548.088;516.671;1096.177;1064.759;14.810;13.4
878;14.1;0.1;557.925;557.925;1115.850;536.313;487.370;1072.626;1023.683;14.110;12.7
879;16.2;1.2;574.076;574.076;1148.152;551.838;551.284;1103.676;1103.123;16.240;15.0
880;16.1;1.0;573.644;573.644;1147.288;551.423;548.662;1102.846;1100.085;16.060;14.8
881;17.4;-3.0;573.019;573.019;1146.038;550.822;551.970;1101.644;1102.792;17.430;16.2
882;16.6;0.7;575.012;575.012;1150.024;552.738;551.284;1105.476;1104.022;16.630;15.4
883;16.2;-1.3;573.908;573.908;1147.816;551.677;550.628;1103.353;1102.304;16.170;14.9
884;16.9;0.3;575.540;575.540;1151.080;553.245;551.284;1106.491;1104.530;16.850;15.6
885;14.4;2.6;562.650;562.650;1125.300;540.855;501.355;1081.710;1042.210;14.380;13.0
886;18.1;0.5;569.690;569.690;1139.380;547.622;553.524;1095.244;1101.146;18.100;17.0
887;15.8;-1.6;573.500;573.500;1147.000;551.284;543.953;1102.569;1095.237;15.800;14.5
888;16.4;-0.9;574.388;574.388;1148.776;552.138;551.284;1104.276;1103.423;16.370;15.1
889;15.3;1.7;573.500;573.500;1147.000;551.284;535.339;1102.569;1086.624;15.330;14.0
890;15.9;1.0;573.500;573.500;1147.000;551.284;544.848;1102.569;1096.133;15.850;14.6
891;16.3;0.3;574.124;574.124;1148.248;551.884;551.284;1103.769;1103.169;16.260;15.0
892;15.5;2.0;573.500;573.500;1147.000;551.284;538.329;1102.569;1089.613;15.490;14.2
893;16.9;-1.0;575.684;575.684;1151.368;553.384;551.284;1106.768;1104.668;16.910;15.7
894;16.8;0.9;575.348;575.348;1150.696;553.061;551.284;1106.122;1104.345;16.770;15.5
895;14.5;0.1;564.575;564.575;1129.150;542.705;504.373;1085.410;1047.079;14.490;13.1
896;16.1;0.8;573.668;573.668;1147.336;551.446;548.841;1102.892;1100.287;16.070;14.8
897;16.3;0.3;574.148;574.148;1148.296;551.907;551.284;1103.815;1103.192;16.270;15.0
898;16.7;-0.8;575.156;575.156;1150.312;552.876;551.284;1105.753;1104.161;16.690;15.5
899;15.4;2.1;573.500;573.500;1147.000;551.284;536.918;1102.569;1088.203;15.410;14.1
900;17.6;2.6;571.880;571.880;1143.760;549.727;552.457;1099.454;1102.185;17.600;16.5
901;16.4;-0.9;574.460;574.460;1148.920;552.207;551.284;1104.415;1103.492;16.400;15.2
902;17.0;0.1;575.780;575.780;1151.560;553.476;551.284;1106.952;1104.761;16.950;15.7
903;18.3;-2.2;570.768;570.768;1141.536;548.658;552.056;1097.317;1100.715;18.320;17.2
904;17.8;-2.9;570.406;570.406;1140.812;548.310;552.934;1096.621;1101.244;17.820;16.7
905;18.0;0.5;569.334;569.334;1138.668;547.280;553.328;1094.560;1100.608;17.980;16.8
906;17.1;-1.2;575.431;575.431;1150.862;553.141;551.284;1106.281;1104.425;17.070;15.9
907;17.3;0.3;573.622;573.622;1147.244;551.402;551.747;1102.803;1103.149;17.340;16.2
908;18.0;-1.7;569.535;569.535;1139.070;547.473;553.256;1094.946;1100.729;17.950;16.8
909;15.7;-0.7;573.500;573.500;1147.000;551.284;541.387;1102.569;1092.671;15.660;14.4
910;16.7;1.2;575.108;575.108;1150.216;552.830;551.284;1105.660;1104.115;16.670;15.4
911;15.6;-0.5;573.500;573.500;1147.000;551.284;540.471;1102.569;1091.756;15.610;14.3
912;18.1;-2.5;569.837;569.837;1139.674;547.763;553.319;1095.527;1101.083;18.130;17.0
913;17.4;0.6;573.421;573.421;1146.842;551.209;551.820;1102.417;1103.029;17.370;16.2
914;17.0;-0.3;575.852;575.852;1151.704;553.545;551.284;1107.091;1104.830;16.980;15.8
915;17.1;0.2;574.895;574.895;1149.790;552.625;551.284;1105.251;1103.910;17.150;15.9
916;16.2;-0.2;573.980;573.980;1147.960;551.746;551.152;1103.492;1102.898;16.200;14.9
917;17.2;-1.2;574.761;574.761;1149.522;552.497;551.330;1104.993;1103.827;17.170;16.0
918;16.2;-0.6;573.980;573.980;1147.960;551.746;551.155;1103.492;1102.901;16.200;14.9
919;19.9;-0.4;587.992;587.992;1175.984;565.215;551.400;1130.430;1116.615;19.920;18.9
920;17.2;0.2;574.694;574.694;1149.388;552.432;551.353;1104.865;1103.786;17.180;16.0
921;18.0;-1.9;569.298;569.298;1138.596;547.245;553.427;1094.491;1100.673;18.020;16.9
922;17.9;-0.9;570.138;570.138;1140.276;548.053;553.032;1096.105;1101.085;17.860;16.7
923;17.5;1.0;572.483;572.483;1144.966;550.307;552.165;1100.614;1102.472;17.510;16.3
924;17.0;-2.7;575.876;575.876;1151.752;553.568;551.284;1107.137;1104.853;16.990;15.8
925;15.9;1.5;573.500;573.500;1147.000;551.284;545.207;1102.569;1096.492;15.870;14.6
926;16.6;-1.0;575.060;575.060;1150.120;552.784;551.284;1105.568;1104.069;16.650;15.4
927;18.2;2.5;569.984;569.984;1139.968;547.905;552.959;1095.809;1100.864;18.160;17.0
928;17.1;2.3;575.163;575.163;1150.326;552.883;551.284;1105.766;1104.167;17.110;15.9
929;17.3;1.9;573.957;573.957;1147.914;551.724;551.625;1103.448;1103.348;17.290;16.1
930;16.9;-0.9;575.540;575.540;1151.080;553.245;551.284;1106.491;1104.530;16.850;15.6
931;19.2;-2.1;576.818;576.818;1153.636;554.474;547.763;1108.948;1102.237;19.180;18.1
932;17.8;-1.8;570.272;570.272;1140.544;548.182;552.983;1096.363;1101.165;17.840;16.7
933;18.0;1.2;569.535;569.535;1139.070;547.473;553.253;1094.946;1100.726;17.950;16.8
934;17.2;1.3;574.828;574.828;1149.656;552.561;551.302;1105.122;1103.864;17.160;16.0
935;16.0;0.0;573.548;573.548;1147.096;551.331;547.966;1102.661;1099.297;16.020;14.8
936;15.6;1.7;573.500;573.500;1147.000;551.284;539.897;1102.569;1091.182;15.580;14.3
937;15.8;-0.3;573.500;573.500;1147.000;551.284;543.396;1102.569;1094.681;15.770;14.5
938;15.0;0.1;573.500;573.500;1147.000;551.284;525.484;1102.569;1076.769;15.040;13.7
939;17.3;1.2;574.158;574.158;1148.316;551.917;551.549;1103.834;1103.466;17.260;16.1
940;17.1;1.0;575.498;575.498;1150.996;553.205;551.284;1106.410;1104.490;17.060;15.9
941;18.5;-3.0;571.552;571.552;1143.104;549.412;550.992;1098.824;1100.403;18.480;17.4
942;17.6;0.6;571.545;571.545;1143.090;549.405;552.511;1098.811;1101.916;17.650;16.5
943;17.2;-1.3;574.761;574.761;1149.522;552.497;551.330;1104.993;1103.827;17.170;16.0
944;17.9;0.3;570.004;570.004;1140.008;547.924;553.081;1095.848;1101.005;17.880;16.7
945;15.3;2.5;573.500;573.500;1147.000;551.284;535.449;1102.569;1086.734;15.310;14.0
946;19.2;0.5;576.969;576.969;1153.938;554.619;547.809;1109.238;1102.428;19.190;18.1
947;16.8;-1.6;575.372;575.372;1150.744;553.084;551.284;1106.168;1104.368;16.780;15.6
948;17.4;-0.9;573.287;573.287;1146.574;551.080;551.871;1102.160;1102.951;17.390;16.2
949;16.3;1.7;574.244;574.244;1148.488;552.000;551.284;1103.999;1103.284;16.310;15.1
950;16.9;1.0;575.540;575.540;1151.080;553.245;551.284;1106.491;1104.530;16.850;15.6
951;17.3;0.3;574.091;574.091;1148.182;551.853;551.575;1103.705;1103.427;17.270;16.1
952;16.5;2.0;574.628;574.628;1149.256;552.369;551.284;1104.738;1103.653;16.470;15.2
953;17.9;-0.9;569.602;569.602;1139.204;547.537;553.231;1095.075;1100.768;17.940;16.8
954;17.8;0.9;570.473;570.473;1140.946;548.375;552.907;1096.750;1101.281;17.810;16.7
955;15.4;0.1;573.500;573.500;1147.000;551.284;537.183;1102.569;1088.467;15.430;14.1
956;17.1;0.8;575.364;575.364;1150.728;553.076;551.284;1106.153;1104.361;17.080;15.9
957;17.3;0.3;574.091;574.091;1148.182;551.853;551.575;1103.705;1103.427;17.270;16.1
958;17.7;-0.7;571.076;571.076;1142.152;548.954;552.686;1097.909;1101.640;17.720;16.6
959;16.4;2.0;574.412;574.412;1148.824;552.161;551.284;1104.322;1103.446;16.380;15.1
960;18.7;2.5;572.434;572.434;1144.868;550.260;549.636;1100.520;1099.896;18.660;17.6
961;17.4;-0.8;573.354;573.354;1146.708;551.144;551.847;1102.288;1102.991;17.380;16.2
962;17.9;0.1;569.602;569.602;1139.204;547.537;553.230;1095.075;1100.767;17.940;16.8
963;19.4;-2.2;579.536;579.536;1159.072;557.087;548.646;1114.173;1105.733;19.360;18.3
964;18.8;-2.8;573.316;573.316;1146.632;551.108;548.589;1102.215;1099.697;18.840;17.7
965;19.0;0.5;574.251;574.251;1148.502;552.006;547.457;1104.013;1099.464;19.010;17.9
966;18.1;-1.2;569.543;569.543;1139.086;547.481;553.546;1094.962;1101.027;18.070;16.9
967;18.4;0.3;570.915;570.915;1141.830;548.800;551.861;1097.599;1100.660;18.350;17.2
968;19.0;-1.6;574.051;574.051;1148.102;551.814;547.586;1103.628;1099.400;18.990;17.9
969;16.6;-0.7;574.964;574.964;1149.928;552.692;551.284;1105.384;1103.976;16.610;15.4
970;17.7;1.1;571.411;571.411;1142.822;549.276;552.560;1098.553;1101.836;17.670;16.5
971;16.6;-0.4;574.844;574.844;1149.688;552.576;551.284;1105.153;1103.861;16.560;15.3
972;19.2;-2.5;576.667;576.667;1153.334;554.329;547.714;1108.658;1102.043;19.170;18.1
973;18.4;0.6;571.062;571.062;1142.124;548.941;551.662;1097.882;1100.603;18.380;17.3
974;18.0;-0.3;569.334;569.334;1138.668;547.280;553.329;1094.560;1100.609;17.980;16.8
975;18.2;0.2;569.984;569.984;1139.968;547.905;553.124;1095.809;1101.029;18.160;17.0
976;17.2;-0.2;574.761;574.761;1149.522;552.497;551.329;1104.993;1103.826;17.170;16.0
977;18.2;-1.2;570.082;570.082;1140.164;547.999;552.988;1095.998;1100.987;18.180;17.0
978;17.2;-0.5;574.828;574.828;1149.656;552.561;551.305;1105.122;1103.866;17.160;16.0
979;21.0;-0.4;0.000;0.000;0.000;0.000;566.491;0.000;566.491;21.020;20.0
980;18.2;0.2;570.082;570.082;1140.164;547.999;552.991;1095.998;1100.990;18.180;17.0
981;19.0;-1.9;574.855;574.855;1149.710;552.587;547.185;1105.174;1099.772;19.050;17.9
982;18.9;-0.9;573.561;573.561;1147.122;551.343;548.256;1102.686;1099.599;18.890;17.8
983;18.5;1.0;571.748;571.748;1143.496;549.600;550.732;1099.201;1100.332;18.520;17.4
984;18.0;-2.6;569.267;569.267;1138.534;547.215;553.355;1094.431;1100.571;17.990;16.8
985;16.8;1.5;575.492;575.492;1150.984;553.199;551.284;1106.399;1104.484;16.830;15.6
986;17.6;-0.9;571.612;571.612;1143.224;549.470;552.488;1098.939;1101.958;17.640;16.5
987;19.2;2.5;577.120;577.120;1154.240;554.764;547.958;1109.528;1102.722;19.200;18.1
988;18.1;2.2;569.739;569.739;1139.478;547.669;553.386;1095.338;1101.055;18.110;17.0
989;18.3;1.9;570.719;570.719;1141.438;548.611;552.131;1097.222;1100.742;18.310;17.2
990;17.8;-0.9;570.272;570.272;1140.544;548.182;552.983;1096.363;1101.165;17.840;16.7
991;20.3;-2.0;594.816;594.816;1189.632;571.775;555.617;1143.550;1127.392;20.260;19.2
992;18.9;-1.8;573.414;573.414;1146.828;551.202;548.456;1102.404;1099.657;18.860;17.7
993;19.0;1.2;574.002;574.002;1148.004;551.767;547.661;1103.534;1099.428;18.980;17.9
994;18.2;1.3;570.033;570.033;1140.066;547.952;553.062;1095.904;1101.014;18.170;17.0
995;17.0;0.0;575.876;575.876;1151.752;553.568;551.284;1107.137;1104.853;16.990;15.8
996;16.5;1.6;574.796;574.796;1149.592;552.530;551.284;1105.061;1103.815;16.540;15.3
997;16.7;-0.3;575.276;575.276;1150.552;552.992;551.284;1105.983;1104.276;16.740;15.5
998;16.0;0.1;573.500;573.500;1147.000;551.284;547.245;1102.569;1098.529;15.980;14.7
999;18.3;1.2;570.523;570.523;1141.046;548.423;552.397;1096.846;1100.820;18.270;17.1
1000;18.0;0.9;569.445;569.445;1138.890;547.387;553.496;1094.773;1100.883;18.050;16.9
1001;19.5;-2.9;581.952;581.952;1163.904;559.409;549.432;1118.818;1108.841;19.520;18.4
1002;18.7;0.6;572.483;572.483;1144.966;550.307;549.730;1100.614;1100.037;18.670;17.6
1003;18.2;-1.3;570.033;570.033;1140.066;547.952;553.054;1095.904;1101.006;18.170;17.0
1004;18.9;0.3;573.708;573.708;1147.416;551.484;548.059;1102.969;1099.543;18.920;17.8
1005;16.2;2.4;574.076;574.076;1148.152;551.838;551.284;1103.676;1103.123;16.240;15.0
1006;20.3;0.5;595.032;595.032;1190.064;571.982;555.759;1143.965;1127.741;20.270;19.2
1007;17.8;-1.6;570.741;570.741;1141.482;548.632;552.810;1097.265;1101.442;17.770;16.6
1008;18.4;-0.9;571.209;571.209;1142.418;549.082;551.458;1098.164;1100.541;18.410;17.3
1009;17.3;1.6;574.024;574.024;1148.048;551.788;551.597;1103.576;1103.385;17.280;16.1
1010;17.9;0.9;570.205;570.205;1140.410;548.117;553.005;1096.234;1101.123;17.850;16.7
1011;18.3;0.3;570.572;570.572;1141.144;548.470;552.327;1096.940;1100.797;18.280;17.1
1012;17.5;1.9;572.885;572.885;1145.770;550.693;552.018;1101.387;1102.711;17.450;16.3
1013;19.0;-0.9;573.953;573.953;1147.906;551.720;547.721;1103.440;1099.441;18.970;17.9
1014;18.8;0.8;573.267;573.267;1146.534;551.060;548.662;1102.121;1099.723;18.830;17.7
1015;16.4;0.0;574.388;574.388;1148.776;552.138;551.284;1104.276;1103.423;16.370;15.1
1016;18.1;0.8;569.641;569.641;1139.282;547.575;553.591;1095.150;1101.166;18.090;17.0
1017;18.3;0.2;570.572;570.572;1141.144;548.470;552.326;1096.940;1100.796;18.280;17.1
1018;18.8;-0.7;572.875;572.875;1145.750;550.684;549.192;1101.367;1099.875;18.750;17.6
1019;17.4;2.0;573.555;573.555;1147.110;551.337;551.775;1102.675;1103.112;17.350;16.2
1020;19.7;2.5;584.821;584.821;1169.642;562.167;550.461;1124.334;1112.628;19.710;18.7
1021;18.4;-0.8;570.964;570.964;1141.928;548.847;551.791;1097.693;1100.638;18.360;17.2
1022;18.9;0.1;573.806;573.806;1147.612;551.579;547.924;1103.157;1099.503;18.940;17.8
1023;20.4;-2.1;597.840;597.840;1195.680;574.682;557.752;1149.363;1132.433;20.400;19.4
1024;19.9;-2.8;587.086;587.086;1174.172;564.344;551.105;1128.688;1115.449;19.860;18.8
1025;20.0;0.5;590.064;590.064;1180.128;567.207;552.257;1134.414;1119.464;20.040;19.0
1026;19.1;-1.1;575.157;575.157;1150.314;552.877;547.224;1105.755;1100.101;19.070;18.0
1027;19.4;0.3;579.385;579.385;1158.770;556.942;548.594;1113.883;1105.536;19.350;18.3
1028;20.0;-1.6;589.848;589.848;1179.696;566.999;552.115;1133.998;1119.115;20.030;19.0
1029;17.6;-0.7;572.148;572.148;1144.296;549.985;552.290;1099.970;1102.275;17.560;16.4
1030;18.7;1.1;572.434;572.434;1144.868;550.260;549.799;1100.520;1100.058;18.660;17.5
1031;17.5;-0.4;572.483;572.483;1144.966;550.307;552.167;1100.614;1102.474;17.510;16.3
1032;20.2;-2.4;593.736;593.736;1187.472;570.737;554.855;1141.473;1125.592;20.210;19.2
1033;19.4;0.6;579.989;579.989;1159.978;557.522;548.790;1115.044;1106.312;19.390;18.3
1034;19.0;-0.3;574.002;574.002;1148.004;551.767;547.656;1103.534;1099.422;18.980;17.9
1035;19.2;0.2;576.667;576.667;1153.334;554.329;547.711;1108.658;1102.040;19.170;18.1
1036;18.1;-0.2;569.886;569.886;1139.772;547.810;553.256;1095.621;1101.066;18.140;17.0
1037;19.2;-1.1;577.120;577.120;1154.240;554.764;547.861;1109.528;1102.625;19.200;18.1
1038;18.1;-0.5;569.837;569.837;1139.674;547.763;553.321;1095.527;1101.085;18.130;17.0
1039;22.1;-0.4;0.000;0.000;0.000;0.000;0.000;0.000;0.000;22.120;21.0
1040;19.2;0.2;576.667;576.667;1153.334;554.329;547.711;1108.658;1102.040;19.170;18.1
1041;20.1;-1.8;590.928;590.928;1181.856;568.037;552.876;1136.075;1120.914;20.080;19.0
1042;19.9;-0.9;587.841;587.841;1175.682;565.070;551.351;1130.140;1116.421;19.910;18.8
1043;19.5;1.0;582.254;582.254;1164.508;559.699;549.525;1119.399;1109.225;19.540;18.5
1044;19.0;-2.5;574.051;574.051;1148.102;551.814;547.586;1103.628;1099.400;18.990;17.9
1045;17.8;1.4;570.607;570.607;1141.214;548.504;552.856;1097.007;1101.360;17.790;16.6
1046;18.6;-0.9;572.238;572.238;1144.476;550.071;550.059;1100.143;1100.130;18.620;17.5
1047;20.2;2.4;594.384;594.384;1188.768;571.359;555.554;1142.719;1126.913;20.240;19.2
1048;19.1;2.2;575.610;575.610;1151.220;553.313;547.406;1106.625;1100.719;19.100;18.0
1049;19.3;1.8;578.932;578.932;1157.864;556.506;548.442;1113.012;1104.948;19.320;18.2
1050;18.8;-0.9;573.267;573.267;1146.534;551.060;548.657;1102.121;1099.718;18.830;17.7
1051;21.3;-2.0;0.000;0.000;0.000;0.000;572.624;0.000;572.624;21.330;20.3
1052;19.9;-1.7;587.388;587.388;1174.776;564.635;551.204;1129.269;1115.838;19.880;18.8
1053;20.0;1.1;589.416;589.416;1178.832;566.584;551.840;1133.168;1118.424;20.010;18.9
1054;19.2;1.2;576.667;576.667;1153.334;554.329;547.708;1108.658;1102.037;19.170;18.1
1055;18.0;0.0;569.468;569.468;1138.936;547.409;553.279;1094.817;1100.688;17.960;16.8
1056;17.5;1.6;572.550;572.550;1145.100;550.371;552.139;1100.743;1102.510;17.500;16.3
1057;17.7;-0.3;571.143;571.143;1142.286;549.019;552.661;1098.038;1101.679;17.710;16.5
1058;16.9;0.1;575.684;575.684;1151.368;553.384;551.284;1106.768;1104.668;16.910;15.7
1059;19.3;1.1;578.328;578.328;1156.656;555.925;548.248;1111.851;1104.174;19.280;18.2
1060;19.0;0.9;574.855;574.855;1149.710;552.587;547.191;1105.174;1099.778;19.050;17.9
1061;20.6;-2.8;0.000;0.000;0.000;0.000;560.244;0.000;560.244;20.570;19.5
1062;19.7;0.6;584.519;584.519;1169.038;561.877;550.264;1123.753;1112.141;19.690;18.6
1063;19.2;-1.2;576.667;576.667;1153.334;554.329;547.714;1108.658;1102.043;19.170;18.1
1064;20.0;0.3;588.445;588.445;1176.890;565.651;551.546;1131.301;1117.197;19.950;18.9
1065;17.2;2.3;574.694;574.694;1149.388;552.432;551.391;1104.865;1103.824;17.180;16.0
1066;21.4;0.5;0.000;0.000;0.000;0.000;573.004;0.000;573.004;21.350;20.3
1067;18.8;-1.5;572.875;572.875;1145.750;550.684;549.191;1101.367;1099.874;18.750;17.6
1068;19.4;-0.9;580.593;580.593;1161.186;558.103;548.989;1116.205;1107.092;19.430;18.3
1069;18.3;1.6;570.474;570.474;1140.948;548.376;552.466;1096.751;1100.841;18.260;17.1
1070;18.8;0.9;573.316;573.316;1146.632;551.108;548.596;1102.215;1099.703;18.840;17.7
1071;19.3;0.3;578.479;578.479;1156.958;556.071;548.300;1112.141;1104.370;19.290;18.2
1072;18.4;1.9;571.307;571.307;1142.614;549.176;551.334;1098.353;1100.511;18.430;17.3
1073;20.0;-0.9;589.200;589.200;1178.400;566.376;551.795;1132.753;1118.171;20.000;18.9
1074;19.9;0.8;587.086;587.086;1174.172;564.344;551.101;1128.688;1115.445;19.860;18.8
1075;17.3;0.0;573.823;573.823;1147.646;551.595;551.673;1103.190;1103.268;17.310;16.1
1076;19.1;0.8;575.459;575.459;1150.918;553.168;547.318;1106.335;1100.486;19.090;18.0
1077;19.3;0.2;578.479;578.479;1156.958;556.071;548.300;1112.141;1104.370;19.290;18.2
1078;19.8;-0.7;585.727;585.727;1171.454;563.038;550.661;1126.076;1113.699;19.770;18.7
1079;18.3;1.9;570.768;570.768;1141.536;548.658;552.060;1097.317;1100.718;18.320;17.2
1080;20.8;2.4;0.000;0.000;0.000;0.000;563.249;0.000;563.249;20.770;19.7
